$MeshFormat
2.2 0 8
$EndMeshFormat
$PhysicalNames
1
2 1 "a"
$EndPhysicalNames
$Nodes
1980
1 0.0203 0 0
2 0 0.0203 0
3 -0.0203 0 0
4 0 -0.0203 0
5 0.02 0.00015 0
6 0.02 -0.00015 0
7 0 0.02 0
8 -0.02 0 0
9 0 -0.02 0
10 0.015 0.00015 0
11 0.015 -0.00015 0
12 0.02029902172186933 0.0001992915830560339 0
13 0.02029608698176584 0.0003985639579729718 0
14 0.02029119606254566 0.0005977979184736213 0
15 0.02028434943560564 0.0007969742619715644 0
16 0.02027554776083848 0.0009960737914219587 0
17 0.02026479188657032 0.001195077317161393 0
18 0.02025208284947367 0.001393965658850506 0
19 0.02023742187447278 0.00159271964721052 0
20 0.02022081037462444 0.001791320125907334 0
21 0.02020224995098192 0.001989747953397877 0
22 0.02018174239241687 0.002187984004997296 0
23 0.0201592896754897 0.002386009174268659 0
24 0.02013489396426613 0.002583804374901375 0
25 0.02010855761004583 0.002781350543075766 0
26 0.02008028315117354 0.002978628638937065 0
27 0.02005007331277789 0.003175619648546092 0
28 0.02001793100657423 0.003372304585299816 0
29 0.01998385933052957 0.003568664492160391 0
30 0.01994786156849119 0.003764680443850735 0
31 0.01990994119003679 0.003960333547730081 0
32 0.01987010185000371 0.004155604946392147 0
33 0.01982834738818933 0.00435047581918176 0
34 0.01978468182902965 0.004544927383805357 0
35 0.01973910938098392 0.004738940899141123 0
36 0.01969163443647532 0.004932497665505717 0
37 0.01964226157122951 0.005125579027524621 0
38 0.01959099554392565 0.00531816637553633 0
39 0.01953784129565988 0.005510241147681966 0
40 0.0194828039496476 0.00570178483105033 0
41 0.01942588881042617 0.005892778964542891 0
42 0.01936710136359885 0.006083205139734097 0
43 0.01930644727514125 0.006273045003201461 0
44 0.01924393239107499 0.006462280257597534 0
45 0.01917956273678758 0.006650892663818106 0
46 0.01911334451645323 0.006838864042760831 0
47 0.01904528411216485 0.007026176277814364 0
48 0.01897538808357592 0.007212811315824438 0
49 0.01890366316757139 0.007398751168069152 0
50 0.01883011627724133 0.007583977913046084 0
51 0.01875475450103413 0.007768473698606442 0
52 0.01867758510249157 0.00795222074260925 0
53 0.01859861551948954 0.008135201334828946 0
54 0.01851785336327554 0.008317397839241833 0
55 0.01843530641771141 0.008498792695735594 0
56 0.01835098263894145 0.008679368420874254 0
57 0.01826489015442696 0.008859107610065314 0
58 0.01817703726177287 0.009037992940034895 0
59 0.01808743242845697 0.009216007169376714 0
60 0.01799608429064658 0.009393133140967567 0
61 0.01790300165266693 0.009569353783020311 0
62 0.01780819348602799 0.009744652110988369 0
63 0.0177116689288858 0.009919011228622607 0
64 0.01761343728417849 0.01009241433138329 0
65 0.01751350801951141 0.0102648447065949 0
66 0.0174118907664474 0.01043628573474796 0
67 0.01730859531905915 0.01060672089201199 0
68 0.01720363163328255 0.01077613375131916 0
69 0.01709700982572559 0.01094450798432907 0
70 0.01698874017285312 0.01111182736273771 0
71 0.01687883310986523 0.01127807576004512 0
72 0.0167672992297762 0.01144323715297146 0
73 0.016654149282531 0.01160729562280431 0
74 0.01653939417368773 0.01177023535734881 0
75 0.01642304496348445 0.01193204065226766 0
76 0.01630511286577154 0.01209269591259332 0
77 0.01618560924759441 0.01225218565335125 0
78 0.01606454562649454 0.01241049450321279 0
79 0.01594193367132716 0.01256760720340214 0
80 0.01581778519957231 0.01272350861123579 0
81 0.01569211217659012 0.01287818370102368 0
82 0.01556492671491732 0.01303161756495536 0
83 0.01543624107359629 0.01318379541398526 0
84 0.01530606765525079 0.01333470258134337 0
85 0.01517441900585067 0.01348432452275151 0
86 0.01504130781436591 0.01363264681686923 0
87 0.01490674691055162 0.01377965516784653 0
88 0.01477074926372986 0.01392533540666162 0
89 0.01463332798104075 0.01406967349298802 0
90 0.01449449630760363 0.01421265551502831 0
91 0.01435426762432636 0.01435426769184747 0
92 0.01421265544781257 0.01449449637351238 0
93 0.01406967342593757 0.01463332804550852 0
94 0.01392533533999151 0.01477074932658406 0
95 0.01377965510109701 0.01490674697225424 0
96 0.01363264675008468 0.01504130787489591 0
97 0.01348432445618118 0.01517441906500655 0
98 0.01333470251528436 0.01530606771280164 0
99 0.01318379534784451 0.01543624113008583 0
100 0.01303161749858599 0.01556492677048458 0
101 0.01287818363486909 0.01569211223088179 0
102 0.01272350854487934 0.0158177852529481 0
103 0.01256760713669986 0.01594193372391099 0
104 0.01241049443683007 0.01606454567777781 0
105 0.01225218558773264 0.0161856092972664 0
106 0.01209269584727249 0.01630511291421677 0
107 0.01193204058724429 0.01642304501072669 0
108 0.0117702352930196 0.01653939421946752 0
109 0.0116072955591857 0.01665414932687071 0
110 0.01144323708984946 0.01676729927285529 0
111 0.01127807569778947 0.01687883315146312 0
112 0.01111182730119448 0.01698874021310671 0
113 0.01094450792319111 0.01709700986486254 0
114 0.010776133690709 0.01720363167124797 0
115 0.01060672083138696 0.01730859535621021 0
116 0.01043628567481292 0.01741189080237108 0
117 0.01026484464762145 0.01751350805407635 0
118 0.0100924142735325 0.01761343731732672 0
119 0.009919011171612343 0.01771166896081308 0
120 0.009744652054881847 0.01780819351672951 0
121 0.009569353727546344 0.01790300168231838 0
122 0.009393133085687337 0.01799608431950033 0
123 0.009216007114774213 0.01808743245627834 0
124 0.009037992886029788 0.01817703728862531 0
125 0.008859107556674507 0.01826489018032336 0
126 0.008679368368115189 0.01835098266389464 0
127 0.008498792644167048 0.01843530644148483 0
128 0.008317397788590149 0.01851785338602603 0
129 0.008135201285214786 0.01859861554119122 0
130 0.007952220693811012 0.01867758512326805 0
131 0.007768473650781907 0.0187547545208437 0
132 0.007583977866270337 0.01883011629608064 0
133 0.007398751122411993 0.01890366318544126 0
134 0.007212811271625795 0.01897538810037644 0
135 0.007026176234559584 0.01904528412812237 0
136 0.006838864000184087 0.01911334453168744 0
137 0.006650892621916525 0.01917956275131778 0
138 0.006462280216753343 0.01924393240479082 0
139 0.00627304496363527 0.01930644728799709 0
140 0.006083205101393084 0.01936710137564177 0
141 0.005892778926974195 0.01942588882182251 0
142 0.005701784794262207 0.01948280396041392 0
143 0.005510241112000114 0.0195378413057232 0
144 0.005318166341214984 0.01959099555324251 0
145 0.005125578994700382 0.01964226157979488 0
146 0.004932497634119034 0.01969163444433727 0
147 0.004738940869002848 0.01973910938821948 0
148 0.004544927354478898 0.01978468183576651 0
149 0.004350475790952248 0.01982834739438308 0
150 0.004155604919573556 0.01987010185561252 0
151 0.003960333522358045 0.0199099411950836 0
152 0.003764680419932745 0.01994786157300514 0
153 0.00356866446976877 0.0199838593345282 0
154 0.003372304564151556 0.02001793101013695 0
155 0.003175619628438999 0.02005007331596254 0
156 0.00297862862019492 0.02008028315395367 0
157 0.002781350525702845 0.0201085576124488 0
158 0.002583804358954831 0.02013489396631246 0
159 0.002386009159771796 0.02015928967720552 0
160 0.002187983991841092 0.02018174239384318 0
161 0.001989747941321012 0.02020224995217139 0
162 0.001791320114740744 0.02022081037561366 0
163 0.00159271963714481 0.02023742187526497 0
164 0.001393965650016321 0.02025208285008173 0
165 0.001195077309621118 0.02026479188701499 0
166 0.0009960737852292103 0.02027554776114271 0
167 0.0007969742570121061 0.0202843494358005 0
168 0.000597797914466557 0.02029119606266371 0
169 0.0003985639552783226 0.02029608698181876 0
170 0.0001992915817028001 0.02029902172188262 0
171 -0.0001992915830560339 0.02029902172186933 0
172 -0.0003985639579729718 0.02029608698176584 0
173 -0.0005977979184736213 0.02029119606254566 0
174 -0.0007969742619715644 0.02028434943560564 0
175 -0.0009960737914219587 0.02027554776083848 0
176 -0.001195077317161393 0.02026479188657032 0
177 -0.001393965658850506 0.02025208284947367 0
178 -0.00159271964721052 0.02023742187447278 0
179 -0.001791320125907334 0.02022081037462444 0
180 -0.001989747953397877 0.02020224995098192 0
181 -0.002187984004997296 0.02018174239241687 0
182 -0.002386009174268659 0.0201592896754897 0
183 -0.002583804374901375 0.02013489396426613 0
184 -0.002781350543075766 0.02010855761004583 0
185 -0.002978628638937065 0.02008028315117354 0
186 -0.003175619648546092 0.02005007331277789 0
187 -0.003372304585299816 0.02001793100657423 0
188 -0.003568664492160391 0.01998385933052957 0
189 -0.003764680443850735 0.01994786156849119 0
190 -0.003960333547730081 0.01990994119003679 0
191 -0.004155604946392147 0.01987010185000371 0
192 -0.00435047581918176 0.01982834738818933 0
193 -0.004544927383805357 0.01978468182902965 0
194 -0.004738940899141123 0.01973910938098392 0
195 -0.004932497665505717 0.01969163443647532 0
196 -0.005125579027524621 0.01964226157122951 0
197 -0.00531816637553633 0.01959099554392565 0
198 -0.005510241147681966 0.01953784129565988 0
199 -0.00570178483105033 0.0194828039496476 0
200 -0.005892778964542891 0.01942588881042617 0
201 -0.006083205139734097 0.01936710136359885 0
202 -0.006273045003201461 0.01930644727514125 0
203 -0.006462280257597534 0.01924393239107499 0
204 -0.006650892663818106 0.01917956273678758 0
205 -0.006838864042760831 0.01911334451645323 0
206 -0.007026176277814364 0.01904528411216485 0
207 -0.007212811315824438 0.01897538808357592 0
208 -0.007398751168069152 0.01890366316757139 0
209 -0.007583977913046084 0.01883011627724133 0
210 -0.007768473698606442 0.01875475450103413 0
211 -0.00795222074260925 0.01867758510249157 0
212 -0.008135201334828946 0.01859861551948954 0
213 -0.008317397839241833 0.01851785336327554 0
214 -0.008498792695735594 0.01843530641771141 0
215 -0.008679368420874254 0.01835098263894145 0
216 -0.008859107610065314 0.01826489015442696 0
217 -0.009037992940034895 0.01817703726177287 0
218 -0.009216007169376714 0.01808743242845697 0
219 -0.009393133140967567 0.01799608429064658 0
220 -0.009569353783020311 0.01790300165266693 0
221 -0.009744652110988369 0.01780819348602799 0
222 -0.009919011228622607 0.0177116689288858 0
223 -0.01009241433138329 0.01761343728417849 0
224 -0.0102648447065949 0.01751350801951141 0
225 -0.01043628573474796 0.0174118907664474 0
226 -0.01060672089201199 0.01730859531905915 0
227 -0.01077613375131916 0.01720363163328255 0
228 -0.01094450798432907 0.01709700982572559 0
229 -0.01111182736273771 0.01698874017285312 0
230 -0.01127807576004512 0.01687883310986523 0
231 -0.01144323715297146 0.0167672992297762 0
232 -0.01160729562280431 0.016654149282531 0
233 -0.01177023535734881 0.01653939417368773 0
234 -0.01193204065226766 0.01642304496348445 0
235 -0.01209269591259332 0.01630511286577154 0
236 -0.01225218565335125 0.01618560924759441 0
237 -0.01241049450321279 0.01606454562649454 0
238 -0.01256760720340214 0.01594193367132716 0
239 -0.01272350861123579 0.01581778519957231 0
240 -0.01287818370102368 0.01569211217659012 0
241 -0.01303161756495536 0.01556492671491732 0
242 -0.01318379541398526 0.01543624107359629 0
243 -0.01333470258134337 0.01530606765525079 0
244 -0.01348432452275151 0.01517441900585067 0
245 -0.01363264681686923 0.01504130781436591 0
246 -0.01377965516784653 0.01490674691055162 0
247 -0.01392533540666162 0.01477074926372986 0
248 -0.01406967349298802 0.01463332798104075 0
249 -0.01421265551502831 0.01449449630760363 0
250 -0.01435426769184747 0.01435426762432636 0
251 -0.01449449637351238 0.01421265544781257 0
252 -0.01463332804550852 0.01406967342593757 0
253 -0.01477074932658406 0.01392533533999151 0
254 -0.01490674697225424 0.01377965510109701 0
255 -0.01504130787489591 0.01363264675008468 0
256 -0.01517441906500655 0.01348432445618118 0
257 -0.01530606771280164 0.01333470251528436 0
258 -0.01543624113008583 0.01318379534784451 0
259 -0.01556492677048458 0.01303161749858599 0
260 -0.01569211223088179 0.01287818363486909 0
261 -0.0158177852529481 0.01272350854487934 0
262 -0.01594193372391099 0.01256760713669986 0
263 -0.01606454567777781 0.01241049443683007 0
264 -0.0161856092972664 0.01225218558773264 0
265 -0.01630511291421677 0.01209269584727249 0
266 -0.01642304501072669 0.01193204058724429 0
267 -0.01653939421946752 0.0117702352930196 0
268 -0.01665414932687071 0.0116072955591857 0
269 -0.01676729927285529 0.01144323708984946 0
270 -0.01687883315146312 0.01127807569778947 0
271 -0.01698874021310671 0.01111182730119448 0
272 -0.01709700986486254 0.01094450792319111 0
273 -0.01720363167124797 0.010776133690709 0
274 -0.01730859535621021 0.01060672083138696 0
275 -0.01741189080237108 0.01043628567481292 0
276 -0.01751350805407635 0.01026484464762145 0
277 -0.01761343731732672 0.0100924142735325 0
278 -0.01771166896081308 0.009919011171612343 0
279 -0.01780819351672951 0.009744652054881847 0
280 -0.01790300168231838 0.009569353727546344 0
281 -0.01799608431950033 0.009393133085687337 0
282 -0.01808743245627834 0.009216007114774213 0
283 -0.01817703728862531 0.009037992886029788 0
284 -0.01826489018032336 0.008859107556674507 0
285 -0.01835098266389464 0.008679368368115189 0
286 -0.01843530644148483 0.008498792644167048 0
287 -0.01851785338602603 0.008317397788590149 0
288 -0.01859861554119122 0.008135201285214786 0
289 -0.01867758512326805 0.007952220693811012 0
290 -0.0187547545208437 0.007768473650781907 0
291 -0.01883011629608064 0.007583977866270337 0
292 -0.01890366318544126 0.007398751122411993 0
293 -0.01897538810037644 0.007212811271625795 0
294 -0.01904528412812237 0.007026176234559584 0
295 -0.01911334453168744 0.006838864000184087 0
296 -0.01917956275131778 0.006650892621916525 0
297 -0.01924393240479082 0.006462280216753343 0
298 -0.01930644728799709 0.00627304496363527 0
299 -0.01936710137564177 0.006083205101393084 0
300 -0.01942588882182251 0.005892778926974195 0
301 -0.01948280396041392 0.005701784794262207 0
302 -0.0195378413057232 0.005510241112000114 0
303 -0.01959099555324251 0.005318166341214984 0
304 -0.01964226157979488 0.005125578994700382 0
305 -0.01969163444433727 0.004932497634119034 0
306 -0.01973910938821948 0.004738940869002848 0
307 -0.01978468183576651 0.004544927354478898 0
308 -0.01982834739438308 0.004350475790952248 0
309 -0.01987010185561252 0.004155604919573556 0
310 -0.0199099411950836 0.003960333522358045 0
311 -0.01994786157300514 0.003764680419932745 0
312 -0.0199838593345282 0.00356866446976877 0
313 -0.02001793101013695 0.003372304564151556 0
314 -0.02005007331596254 0.003175619628438999 0
315 -0.02008028315395367 0.00297862862019492 0
316 -0.0201085576124488 0.002781350525702845 0
317 -0.02013489396631246 0.002583804358954831 0
318 -0.02015928967720552 0.002386009159771796 0
319 -0.02018174239384318 0.002187983991841092 0
320 -0.02020224995217139 0.001989747941321012 0
321 -0.02022081037561366 0.001791320114740744 0
322 -0.02023742187526497 0.00159271963714481 0
323 -0.02025208285008173 0.001393965650016321 0
324 -0.02026479188701499 0.001195077309621118 0
325 -0.02027554776114271 0.0009960737852292103 0
326 -0.0202843494358005 0.0007969742570121061 0
327 -0.02029119606266371 0.000597797914466557 0
328 -0.02029608698181876 0.0003985639552783226 0
329 -0.02029902172188262 0.0001992915817028001 0
330 -0.02029902172186933 -0.0001992915830560339 0
331 -0.02029608698176584 -0.0003985639579729718 0
332 -0.02029119606254566 -0.0005977979184736213 0
333 -0.02028434943560564 -0.0007969742619715644 0
334 -0.02027554776083848 -0.0009960737914219587 0
335 -0.02026479188657032 -0.001195077317161393 0
336 -0.02025208284947367 -0.001393965658850506 0
337 -0.02023742187447278 -0.00159271964721052 0
338 -0.02022081037462444 -0.001791320125907334 0
339 -0.02020224995098192 -0.001989747953397877 0
340 -0.02018174239241687 -0.002187984004997296 0
341 -0.0201592896754897 -0.002386009174268659 0
342 -0.02013489396426613 -0.002583804374901375 0
343 -0.02010855761004583 -0.002781350543075766 0
344 -0.02008028315117354 -0.002978628638937065 0
345 -0.02005007331277789 -0.003175619648546092 0
346 -0.02001793100657423 -0.003372304585299816 0
347 -0.01998385933052957 -0.003568664492160391 0
348 -0.01994786156849119 -0.003764680443850735 0
349 -0.01990994119003679 -0.003960333547730081 0
350 -0.01987010185000371 -0.004155604946392147 0
351 -0.01982834738818933 -0.00435047581918176 0
352 -0.01978468182902965 -0.004544927383805357 0
353 -0.01973910938098392 -0.004738940899141123 0
354 -0.01969163443647532 -0.004932497665505717 0
355 -0.01964226157122951 -0.005125579027524621 0
356 -0.01959099554392565 -0.00531816637553633 0
357 -0.01953784129565988 -0.005510241147681966 0
358 -0.0194828039496476 -0.00570178483105033 0
359 -0.01942588881042617 -0.005892778964542891 0
360 -0.01936710136359885 -0.006083205139734097 0
361 -0.01930644727514125 -0.006273045003201461 0
362 -0.01924393239107499 -0.006462280257597534 0
363 -0.01917956273678758 -0.006650892663818106 0
364 -0.01911334451645323 -0.006838864042760831 0
365 -0.01904528411216485 -0.007026176277814364 0
366 -0.01897538808357592 -0.007212811315824438 0
367 -0.01890366316757139 -0.007398751168069152 0
368 -0.01883011627724133 -0.007583977913046084 0
369 -0.01875475450103413 -0.007768473698606442 0
370 -0.01867758510249157 -0.00795222074260925 0
371 -0.01859861551948954 -0.008135201334828946 0
372 -0.01851785336327554 -0.008317397839241833 0
373 -0.01843530641771141 -0.008498792695735594 0
374 -0.01835098263894145 -0.008679368420874254 0
375 -0.01826489015442696 -0.008859107610065314 0
376 -0.01817703726177287 -0.009037992940034895 0
377 -0.01808743242845697 -0.009216007169376714 0
378 -0.01799608429064658 -0.009393133140967567 0
379 -0.01790300165266693 -0.009569353783020311 0
380 -0.01780819348602799 -0.009744652110988369 0
381 -0.0177116689288858 -0.009919011228622607 0
382 -0.01761343728417849 -0.01009241433138329 0
383 -0.01751350801951141 -0.0102648447065949 0
384 -0.0174118907664474 -0.01043628573474796 0
385 -0.01730859531905915 -0.01060672089201199 0
386 -0.01720363163328255 -0.01077613375131916 0
387 -0.01709700982572559 -0.01094450798432907 0
388 -0.01698874017285312 -0.01111182736273771 0
389 -0.01687883310986523 -0.01127807576004512 0
390 -0.0167672992297762 -0.01144323715297146 0
391 -0.016654149282531 -0.01160729562280431 0
392 -0.01653939417368773 -0.01177023535734881 0
393 -0.01642304496348445 -0.01193204065226766 0
394 -0.01630511286577154 -0.01209269591259332 0
395 -0.01618560924759441 -0.01225218565335125 0
396 -0.01606454562649454 -0.01241049450321279 0
397 -0.01594193367132716 -0.01256760720340214 0
398 -0.01581778519957231 -0.01272350861123579 0
399 -0.01569211217659012 -0.01287818370102368 0
400 -0.01556492671491732 -0.01303161756495536 0
401 -0.01543624107359629 -0.01318379541398526 0
402 -0.01530606765525079 -0.01333470258134337 0
403 -0.01517441900585067 -0.01348432452275151 0
404 -0.01504130781436591 -0.01363264681686923 0
405 -0.01490674691055162 -0.01377965516784653 0
406 -0.01477074926372986 -0.01392533540666162 0
407 -0.01463332798104075 -0.01406967349298802 0
408 -0.01449449630760363 -0.01421265551502831 0
409 -0.01435426762432636 -0.01435426769184747 0
410 -0.01421265544781257 -0.01449449637351238 0
411 -0.01406967342593757 -0.01463332804550852 0
412 -0.01392533533999151 -0.01477074932658406 0
413 -0.01377965510109701 -0.01490674697225424 0
414 -0.01363264675008468 -0.01504130787489591 0
415 -0.01348432445618118 -0.01517441906500655 0
416 -0.01333470251528436 -0.01530606771280164 0
417 -0.01318379534784451 -0.01543624113008583 0
418 -0.01303161749858599 -0.01556492677048458 0
419 -0.01287818363486909 -0.01569211223088179 0
420 -0.01272350854487934 -0.0158177852529481 0
421 -0.01256760713669986 -0.01594193372391099 0
422 -0.01241049443683007 -0.01606454567777781 0
423 -0.01225218558773264 -0.0161856092972664 0
424 -0.01209269584727249 -0.01630511291421677 0
425 -0.01193204058724429 -0.01642304501072669 0
426 -0.0117702352930196 -0.01653939421946752 0
427 -0.0116072955591857 -0.01665414932687071 0
428 -0.01144323708984946 -0.01676729927285529 0
429 -0.01127807569778947 -0.01687883315146312 0
430 -0.01111182730119448 -0.01698874021310671 0
431 -0.01094450792319111 -0.01709700986486254 0
432 -0.010776133690709 -0.01720363167124797 0
433 -0.01060672083138696 -0.01730859535621021 0
434 -0.01043628567481292 -0.01741189080237108 0
435 -0.01026484464762145 -0.01751350805407635 0
436 -0.0100924142735325 -0.01761343731732672 0
437 -0.009919011171612343 -0.01771166896081308 0
438 -0.009744652054881847 -0.01780819351672951 0
439 -0.009569353727546344 -0.01790300168231838 0
440 -0.009393133085687337 -0.01799608431950033 0
441 -0.009216007114774213 -0.01808743245627834 0
442 -0.009037992886029788 -0.01817703728862531 0
443 -0.008859107556674507 -0.01826489018032336 0
444 -0.008679368368115189 -0.01835098266389464 0
445 -0.008498792644167048 -0.01843530644148483 0
446 -0.008317397788590149 -0.01851785338602603 0
447 -0.008135201285214786 -0.01859861554119122 0
448 -0.007952220693811012 -0.01867758512326805 0
449 -0.007768473650781907 -0.0187547545208437 0
450 -0.007583977866270337 -0.01883011629608064 0
451 -0.007398751122411993 -0.01890366318544126 0
452 -0.007212811271625795 -0.01897538810037644 0
453 -0.007026176234559584 -0.01904528412812237 0
454 -0.006838864000184087 -0.01911334453168744 0
455 -0.006650892621916525 -0.01917956275131778 0
456 -0.006462280216753343 -0.01924393240479082 0
457 -0.00627304496363527 -0.01930644728799709 0
458 -0.006083205101393084 -0.01936710137564177 0
459 -0.005892778926974195 -0.01942588882182251 0
460 -0.005701784794262207 -0.01948280396041392 0
461 -0.005510241112000114 -0.0195378413057232 0
462 -0.005318166341214984 -0.01959099555324251 0
463 -0.005125578994700382 -0.01964226157979488 0
464 -0.004932497634119034 -0.01969163444433727 0
465 -0.004738940869002848 -0.01973910938821948 0
466 -0.004544927354478898 -0.01978468183576651 0
467 -0.004350475790952248 -0.01982834739438308 0
468 -0.004155604919573556 -0.01987010185561252 0
469 -0.003960333522358045 -0.0199099411950836 0
470 -0.003764680419932745 -0.01994786157300514 0
471 -0.00356866446976877 -0.0199838593345282 0
472 -0.003372304564151556 -0.02001793101013695 0
473 -0.003175619628438999 -0.02005007331596254 0
474 -0.00297862862019492 -0.02008028315395367 0
475 -0.002781350525702845 -0.0201085576124488 0
476 -0.002583804358954831 -0.02013489396631246 0
477 -0.002386009159771796 -0.02015928967720552 0
478 -0.002187983991841092 -0.02018174239384318 0
479 -0.001989747941321012 -0.02020224995217139 0
480 -0.001791320114740744 -0.02022081037561366 0
481 -0.00159271963714481 -0.02023742187526497 0
482 -0.001393965650016321 -0.02025208285008173 0
483 -0.001195077309621118 -0.02026479188701499 0
484 -0.0009960737852292103 -0.02027554776114271 0
485 -0.0007969742570121061 -0.0202843494358005 0
486 -0.000597797914466557 -0.02029119606266371 0
487 -0.0003985639552783226 -0.02029608698181876 0
488 -0.0001992915817028001 -0.02029902172188262 0
489 0.0001992915830560339 -0.02029902172186933 0
490 0.0003985639579729718 -0.02029608698176584 0
491 0.0005977979184736213 -0.02029119606254566 0
492 0.0007969742619715644 -0.02028434943560564 0
493 0.0009960737914219587 -0.02027554776083848 0
494 0.001195077317161393 -0.02026479188657032 0
495 0.001393965658850506 -0.02025208284947367 0
496 0.00159271964721052 -0.02023742187447278 0
497 0.001791320125907334 -0.02022081037462444 0
498 0.001989747953397877 -0.02020224995098192 0
499 0.002187984004997296 -0.02018174239241687 0
500 0.002386009174268659 -0.0201592896754897 0
501 0.002583804374901375 -0.02013489396426613 0
502 0.002781350543075766 -0.02010855761004583 0
503 0.002978628638937065 -0.02008028315117354 0
504 0.003175619648546092 -0.02005007331277789 0
505 0.003372304585299816 -0.02001793100657423 0
506 0.003568664492160391 -0.01998385933052957 0
507 0.003764680443850735 -0.01994786156849119 0
508 0.003960333547730081 -0.01990994119003679 0
509 0.004155604946392147 -0.01987010185000371 0
510 0.00435047581918176 -0.01982834738818933 0
511 0.004544927383805357 -0.01978468182902965 0
512 0.004738940899141123 -0.01973910938098392 0
513 0.004932497665505717 -0.01969163443647532 0
514 0.005125579027524621 -0.01964226157122951 0
515 0.00531816637553633 -0.01959099554392565 0
516 0.005510241147681966 -0.01953784129565988 0
517 0.00570178483105033 -0.0194828039496476 0
518 0.005892778964542891 -0.01942588881042617 0
519 0.006083205139734097 -0.01936710136359885 0
520 0.006273045003201461 -0.01930644727514125 0
521 0.006462280257597534 -0.01924393239107499 0
522 0.006650892663818106 -0.01917956273678758 0
523 0.006838864042760831 -0.01911334451645323 0
524 0.007026176277814364 -0.01904528411216485 0
525 0.007212811315824438 -0.01897538808357592 0
526 0.007398751168069152 -0.01890366316757139 0
527 0.007583977913046084 -0.01883011627724133 0
528 0.007768473698606442 -0.01875475450103413 0
529 0.00795222074260925 -0.01867758510249157 0
530 0.008135201334828946 -0.01859861551948954 0
531 0.008317397839241833 -0.01851785336327554 0
532 0.008498792695735594 -0.01843530641771141 0
533 0.008679368420874254 -0.01835098263894145 0
534 0.008859107610065314 -0.01826489015442696 0
535 0.009037992940034895 -0.01817703726177287 0
536 0.009216007169376714 -0.01808743242845697 0
537 0.009393133140967567 -0.01799608429064658 0
538 0.009569353783020311 -0.01790300165266693 0
539 0.009744652110988369 -0.01780819348602799 0
540 0.009919011228622607 -0.0177116689288858 0
541 0.01009241433138329 -0.01761343728417849 0
542 0.0102648447065949 -0.01751350801951141 0
543 0.01043628573474796 -0.0174118907664474 0
544 0.01060672089201199 -0.01730859531905915 0
545 0.01077613375131916 -0.01720363163328255 0
546 0.01094450798432907 -0.01709700982572559 0
547 0.01111182736273771 -0.01698874017285312 0
548 0.01127807576004512 -0.01687883310986523 0
549 0.01144323715297146 -0.0167672992297762 0
550 0.01160729562280431 -0.016654149282531 0
551 0.01177023535734881 -0.01653939417368773 0
552 0.01193204065226766 -0.01642304496348445 0
553 0.01209269591259332 -0.01630511286577154 0
554 0.01225218565335125 -0.01618560924759441 0
555 0.01241049450321279 -0.01606454562649454 0
556 0.01256760720340214 -0.01594193367132716 0
557 0.01272350861123579 -0.01581778519957231 0
558 0.01287818370102368 -0.01569211217659012 0
559 0.01303161756495536 -0.01556492671491732 0
560 0.01318379541398526 -0.01543624107359629 0
561 0.01333470258134337 -0.01530606765525079 0
562 0.01348432452275151 -0.01517441900585067 0
563 0.01363264681686923 -0.01504130781436591 0
564 0.01377965516784653 -0.01490674691055162 0
565 0.01392533540666162 -0.01477074926372986 0
566 0.01406967349298802 -0.01463332798104075 0
567 0.01421265551502831 -0.01449449630760363 0
568 0.01435426769184747 -0.01435426762432636 0
569 0.01449449637351238 -0.01421265544781257 0
570 0.01463332804550852 -0.01406967342593757 0
571 0.01477074932658406 -0.01392533533999151 0
572 0.01490674697225424 -0.01377965510109701 0
573 0.01504130787489591 -0.01363264675008468 0
574 0.01517441906500655 -0.01348432445618118 0
575 0.01530606771280164 -0.01333470251528436 0
576 0.01543624113008583 -0.01318379534784451 0
577 0.01556492677048458 -0.01303161749858599 0
578 0.01569211223088179 -0.01287818363486909 0
579 0.0158177852529481 -0.01272350854487934 0
580 0.01594193372391099 -0.01256760713669986 0
581 0.01606454567777781 -0.01241049443683007 0
582 0.0161856092972664 -0.01225218558773264 0
583 0.01630511291421677 -0.01209269584727249 0
584 0.01642304501072669 -0.01193204058724429 0
585 0.01653939421946752 -0.0117702352930196 0
586 0.01665414932687071 -0.0116072955591857 0
587 0.01676729927285529 -0.01144323708984946 0
588 0.01687883315146312 -0.01127807569778947 0
589 0.01698874021310671 -0.01111182730119448 0
590 0.01709700986486254 -0.01094450792319111 0
591 0.01720363167124797 -0.010776133690709 0
592 0.01730859535621021 -0.01060672083138696 0
593 0.01741189080237108 -0.01043628567481292 0
594 0.01751350805407635 -0.01026484464762145 0
595 0.01761343731732672 -0.0100924142735325 0
596 0.01771166896081308 -0.009919011171612343 0
597 0.01780819351672951 -0.009744652054881847 0
598 0.01790300168231838 -0.009569353727546344 0
599 0.01799608431950033 -0.009393133085687337 0
600 0.01808743245627834 -0.009216007114774213 0
601 0.01817703728862531 -0.009037992886029788 0
602 0.01826489018032336 -0.008859107556674507 0
603 0.01835098266389464 -0.008679368368115189 0
604 0.01843530644148483 -0.008498792644167048 0
605 0.01851785338602603 -0.008317397788590149 0
606 0.01859861554119122 -0.008135201285214786 0
607 0.01867758512326805 -0.007952220693811012 0
608 0.0187547545208437 -0.007768473650781907 0
609 0.01883011629608064 -0.007583977866270337 0
610 0.01890366318544126 -0.007398751122411993 0
611 0.01897538810037644 -0.007212811271625795 0
612 0.01904528412812237 -0.007026176234559584 0
613 0.01911334453168744 -0.006838864000184087 0
614 0.01917956275131778 -0.006650892621916525 0
615 0.01924393240479082 -0.006462280216753343 0
616 0.01930644728799709 -0.00627304496363527 0
617 0.01936710137564177 -0.006083205101393084 0
618 0.01942588882182251 -0.005892778926974195 0
619 0.01948280396041392 -0.005701784794262207 0
620 0.0195378413057232 -0.005510241112000114 0
621 0.01959099555324251 -0.005318166341214984 0
622 0.01964226157979488 -0.005125578994700382 0
623 0.01969163444433727 -0.004932497634119034 0
624 0.01973910938821948 -0.004738940869002848 0
625 0.01978468183576651 -0.004544927354478898 0
626 0.01982834739438308 -0.004350475790952248 0
627 0.01987010185561252 -0.004155604919573556 0
628 0.0199099411950836 -0.003960333522358045 0
629 0.01994786157300514 -0.003764680419932745 0
630 0.0199838593345282 -0.00356866446976877 0
631 0.02001793101013695 -0.003372304564151556 0
632 0.02005007331596254 -0.003175619628438999 0
633 0.02008028315395367 -0.00297862862019492 0
634 0.0201085576124488 -0.002781350525702845 0
635 0.02013489396631246 -0.002583804358954831 0
636 0.02015928967720552 -0.002386009159771796 0
637 0.02018174239384318 -0.002187983991841092 0
638 0.02020224995217139 -0.001989747941321012 0
639 0.02022081037561366 -0.001791320114740744 0
640 0.02023742187526497 -0.00159271963714481 0
641 0.02025208285008173 -0.001393965650016321 0
642 0.02026479188701499 -0.001195077309621118 0
643 0.02027554776114271 -0.0009960737852292103 0
644 0.0202843494358005 -0.0007969742570121061 0
645 0.02029119606266371 -0.000597797914466557 0
646 0.02029608698181876 -0.0003985639552783226 0
647 0.02029902172188262 -0.0001992915817028001 0
648 0.01999751495881488 0.0003491353204351337 0
649 0.01999304722299154 0.0005482360251116126 0
650 0.01998659723549279 0.0007472823737999488 0
651 0.0199781656358157 0.0009462546316466899 0
652 0.01996775325992852 0.001145133071137965 0
653 0.01995536114018628 0.001343897974082558 0
654 0.01994099050523398 0.001542529633481354 0
655 0.01992464277988172 0.001741008355553575 0
656 0.01990631958495505 0.001939314461771213 0
657 0.01988602273713943 0.002137428290720745 0
658 0.01986375424880601 0.00233533020000199 0
659 0.01983951632781078 0.002533000568205468 0
660 0.01981331137728898 0.002730419796769515 0
661 0.01978514199537857 0.002927568312218707 0
662 0.01975501097495854 0.003124426568070938 0
663 0.01972292130347168 0.003320975046136695 0
664 0.0196888761624749 0.003517194259452741 0
665 0.01965287892744713 0.00371306475342197 0
666 0.01961493316747939 0.003908567107690124 0
667 0.01957504264469003 0.004103681939254897 0
668 0.01953321131409286 0.004298389903090984 0
669 0.01948944332323598 0.004492671694033794 0
670 0.01944374301158365 0.004686508049656148 0
671 0.01939611491010036 0.00487987975202079 0
672 0.01934656374097227 0.005072767628868583 0
673 0.01929509441706237 0.005265152555876106 0
674 0.01924171204142124 0.005457015458565674 0
675 0.0191864219068412 0.00564833731399637 0
676 0.01912922949512172 0.005839099153376755 0
677 0.01907014047662493 0.006029282063545485 0
678 0.01900916071001562 0.006218867187904763 0
679 0.01894629624121977 0.006407835729787524 0
680 0.01888155330291803 0.00659616895395088 0
681 0.01881493831422357 0.006783848187567443 0
682 0.01874645788001808 0.006970854822237233 0
683 0.01867611878984277 0.007157170317079369 0
684 0.01860392801759638 0.00734277619951012 0
685 0.01852989272077875 0.007527654067266296 0
686 0.01845402023982651 0.007711785590125908 0
687 0.01837631809711089 0.007895152512383461 0
688 0.01829679399651269 0.008077736653863949 0
689 0.01821545582265712 0.008259519911764043 0
690 0.01813231164000129 0.008440484262758504 0
691 0.01804736969205882 0.008620611764727407 0
692 0.0179606384007481 0.008799884558195784 0
693 0.01787212636514711 0.00897828486896097 0
694 0.01778184236079582 0.009155795009490292 0
695 0.01768979533939457 0.009332397379576916 0
696 0.01759599442699622 0.00950807446989756 0
697 0.01750044892357461 0.009682808862791626 0
698 0.01740316830197754 0.009856583234216811 0
699 0.017304162207638 0.01002938035432662 0
700 0.01720344045682195 0.01020118309063129 0
701 0.01710101303574998 0.01037197440948971 0
702 0.01699689009976048 0.01054173737752294 0
703 0.01689108197202193 0.01071045516373771 0
704 0.01678359914323262 0.0108781110400327 0
705 0.01667445227019737 0.01104468838351313 0
706 0.01656365217395502 0.01121017067935343 0
707 0.01645120984036678 0.01137454151991276 0
708 0.01633713641821903 0.01153778460764897 0
709 0.01622144321725116 0.01169988375794805 0
710 0.01610414170812829 0.01186082289912984 0
711 0.01598524352064788 0.01202058607496261 0
712 0.01586476044346579 0.01217915744505518 0
713 0.01574270442220845 0.01233652128742047 0
714 0.01561908755796775 0.01249266200041196 0
715 0.01549392210736148 0.0126475641026648 0
716 0.0153672204805341 0.01280121223566945 0
717 0.01523899523886345 0.01295359116654131 0
718 0.01510925909549736 0.01310468578734837 0
719 0.01497802491373055 0.01325448111710401 0
720 0.01484530570496457 0.01340296230413808 0
721 0.01471111462785958 0.01355011462704193 0
722 0.01457546498683436 0.01369592349633882 0
723 0.01443837023147409 0.01384037445515413 0
724 0.01429984395466063 0.01398345318125519 0
725 0.01415989989031866 0.01412514548938005 0
726 0.01401855191399837 0.01426543733064404 0
727 0.01387581403984872 0.01440431479562763 0
728 0.01373170041994282 0.01454176411502202 0
729 0.01358622534265806 0.01467777166120648 0
730 0.01343940323121853 0.01481232394962766 0
731 0.01329124864238894 0.01494540764001418 0
732 0.01314177626556503 0.01507700953723356 0
733 0.01299100092023666 0.01520711659356928 0
734 0.01283893755562093 0.01533571590904273 0
735 0.01268560124811124 0.01546279473361522 0
736 0.01253100720074409 0.01558834046763477 0
737 0.01237517074084089 0.01571234066379149 0
738 0.01221810731951234 0.01583478302752769 0
739 0.01205983250858282 0.01595565541947209 0
740 0.0119003620007112 0.01607494585533739 0
741 0.01173971160713223 0.01619264250767505 0
742 0.01157789725602165 0.01630873370709714 0
743 0.01141493499014259 0.01642320794396815 0
744 0.01125084096704119 0.01653605386827062 0
745 0.01108563145678449 0.01664726029124163 0
746 0.01091932283884247 0.01675681618748422 0
747 0.01075193160186943 0.01686471069507928 0
748 0.01058347434307709 0.0169709331160496 0
749 0.01041396776367703 0.01707547291928091 0
750 0.01024342867050344 0.01717831973949455 0
751 0.01007187397131056 0.01727946338015266 0
752 0.009899320675225424 0.01737889381315895 0
753 0.009725785891169604 0.01747660117983832 0
754 0.009551286823974867 0.01757257579315463 0
755 0.009375840774418991 0.01766680813765583 0
756 0.009199465137874931 0.01775928887025108 0
757 0.009022177401930297 0.01785000882151318 0
758 0.008843995144136849 0.01793895899684493 0
759 0.008664936029778036 0.01802613057757694 0
760 0.008485017812930909 0.01811151492046552 0
761 0.008304258331128663 0.01819510356029556 0
762 0.008122675506452065 0.01827688820934471 0
763 0.007940287342709258 0.01835686075872482 0
764 0.007757111922681031 0.01843501327959923 0
765 0.007573167408165268 0.01851133802316579 0
766 0.007388472035617974 0.01858582742249834 0
767 0.007203044119217796 0.01865847409132381 0
768 0.007016902041320006 0.01872927082783842 0
769 0.006830064258864636 0.01879821061217742 0
770 0.006642549295830297 0.01886528660933791 0
771 0.006454375743298562 0.01893049216909902 0
772 0.006265562258553984 0.01899382082636834 0
773 0.006076127561974385 0.01905526630227495 0
774 0.005886090434914601 0.01911482250485227 0
775 0.005695469719316768 0.01917248352917133 0
776 0.005504284315178822 0.01922824365816276 0
777 0.005312553176939541 0.01928209736367363 0
778 0.005120295314782651 0.01933403930608953 0
779 0.004927529790549652 0.01938406433551142 0
780 0.004734275716238304 0.01943216749214138 0
781 0.004540552253138864 0.01947834400652467 0
782 0.004346378607094455 0.01952258930069963 0
783 0.004151774030977719 0.01956489898761808 0
784 0.003956757817980204 0.01960526887267432 0
785 0.003761349304048507 0.01964369495316331 0
786 0.003565567863921944 0.0196801734191487 0
787 0.003369432907706224 0.01971470065409228 0
788 0.003172963883092229 0.01974727323446436 0
789 0.002976180267468975 0.01977788793110954 0
790 0.002779101572799758 0.01980654170843719 0
791 0.002581747338598276 0.019833231725557 0
792 0.002384137131444397 0.01985795533629956 0
793 0.002186290544781876 0.01988071008927491 0
794 0.001988227193139998 0.01990149372857371 0
795 0.001789966715324945 0.01992030419341102 0
796 0.00159152876708448 0.01993713961890077 0
797 0.001392933022958348 0.01995199833584476 0
798 0.001194199174057689 0.0199648788709744 0
799 0.0009953469233631536 0.01997577994727994 0
800 0.000796395987183517 0.01998470048391014 0
801 0.0005973660906194329 0.01999163959643576 0
802 0.0003982769671216203 0.01999659659685769 0
803 0.0001991483560718588 0.01999957099370569 0
804 -0.0001988317031773103 0.01999901162442313 0
805 -0.0003976437543175024 0.01999604659538111 0
806 -0.0005964165033160536 0.01999110520593027 0
807 -0.0007951303039535945 0.01998418794446586 0
808 -0.000993765515839886 0.0199752954946736 0
809 -0.001192302506375046 0.01996442873546077 0
810 -0.00139072165264819 0.01995158874087113 0
811 -0.001589003343388964 0.01993677677997872 0
812 -0.001787127980871661 0.0199199943167659 0
813 -0.00198507598290293 0.01990124300997558 0
814 -0.002182827784853391 0.01988052471293633 0
815 -0.002380363841616574 0.01985784147337077 0
816 -0.002577664629128707 0.01983319553324019 0
817 -0.00277471064658644 0.01980658932849671 0
818 -0.002971482418404092 0.01977802548883774 0
819 -0.003167960496247836 0.01974750683742667 0
820 -0.003364125460485058 0.01971503639068709 0
821 -0.003559957922739153 0.0196806173579064 0
822 -0.003755438527582406 0.01964425314094556 0
823 -0.003950547953961576 0.01960594733399664 0
824 -0.004145266917774239 0.01956570372310709 0
825 -0.004339576173475654 0.01952352628585836 0
826 -0.00453345651606885 0.01947941919095415 0
827 -0.004726888782949038 0.01943338679781861 0
828 -0.004919853855705428 0.01938543365618888 0
829 -0.005112332662291159 0.01933556450559618 0
830 -0.005304306178226181 0.01928378427507504 0
831 -0.005495755429511525 0.01923009808240703 0
832 -0.005686661493706335 0.01917451123382282 0
833 -0.005877005502355885 0.0191170292233202 0
834 -0.006066768642165146 0.01905765773232487 0
835 -0.006255932157600817 0.01899640262890571 0
836 -0.006444477351932236 0.01893326996745233 0
837 -0.006632385589603329 0.01886826598791797 0
838 -0.006819638298432673 0.01880139711506968 0
839 -0.007006216970954584 0.01873266995801474 0
840 -0.007192103166275523 0.0186620913095411 0
841 -0.007377278511713905 0.01858966814552116 0
842 -0.007561724704881026 0.01851540762412732 0
843 -0.007745423515489849 0.01843931708512267 0
844 -0.007928356787022561 0.0183614040491917 0
845 -0.008110506439488669 0.01828167621677544 0
846 -0.0082918544692393 0.01820014146815778 0
847 -0.008472382952134172 0.01811680786210381 0
848 -0.008652074045420136 0.01803168363499558 0
849 -0.008830909988914438 0.01794477720028007 0
850 -0.009008873106908961 0.01785609714757434 0
851 -0.009185945809794127 0.01776565224188309 0
852 -0.009362110596490373 0.01767345142237595 0
853 -0.00953735005498102 0.01757950380212006 0
854 -0.009711646864910512 0.01748381866673508 0
855 -0.009884983799457061 0.01738640547337118 0
856 -0.01005734372621105 0.01728727385022992 0
857 -0.01022870961011598 0.0171864335949004 0
858 -0.010399064513229 0.01708389467450855 0
859 -0.01056839159789128 0.01697966722387753 0
860 -0.0107366741290291 0.01687376154409672 0
861 -0.01090389547338879 0.01676618810300694 0
862 -0.01107003910304015 0.01665695753302992 0
863 -0.01123508859714066 0.01654608062999815 0
864 -0.01139902764283044 0.01643356835255166 0
865 -0.01156184003598101 0.0163194318216777 0
866 -0.01172350968554133 0.01620368231770232 0
867 -0.0118840206114634 0.01608633128175325 0
868 -0.0120433569502445 0.01596739031178851 0
869 -0.01220150295330244 0.01584687116375191 0
870 -0.0123584429890637 0.01572478575008456 0
871 -0.01251416154630232 0.01560114613716084 0
872 -0.0126686432345324 0.01547596454493665 0
873 -0.01282187278498527 0.01534925334619421 0
874 -0.01297383505274559 0.01522102506482891 0
875 -0.01312451501833496 0.01509129237452844 0
876 -0.01327389778904931 0.01496006809763485 0
877 -0.01342196860039739 0.01482736520390411 0
878 -0.01356871281721542 0.01469319680954196 0
879 -0.01371411593532106 0.01455757617574344 0
880 -0.01385816358362384 0.01442051670674536 0
881 -0.01400084152494898 0.01428203194903528 0
882 -0.01414213565774287 0.01414213558971904 0
883 -0.01428203201521098 0.01400084145744422 0
884 -0.01442051677178759 0.01385816351594225 0
885 -0.01455757623948717 0.01371411586765689 0
886 -0.01469319687190487 0.01356871274968429 0
887 -0.01482736526486602 0.01342196853305224 0
888 -0.01496006815735044 0.0132738977217481 0
889 -0.01509129243296686 0.01312451495113923 0
890 -0.0152210251220794 0.01297383498557877 0
891 -0.01534925340229078 0.01282187271783124 0
892 -0.01547596459989703 0.01266864316739303 0
893 -0.01560114619093715 0.0125141614792605 0
894 -0.0157247858030866 0.01235844292162432 0
895 -0.01584687121517699 0.0122015028865134 0
896 -0.0159673903613916 0.01204335688447946 0
897 -0.01608633133024974 0.01188402054581806 0
898 -0.01620368236521127 0.01172350961987668 0
899 -0.01631943186759096 0.01156183997117486 0
900 -0.0164335683973104 0.01139902757830337 0
901 -0.01654608067339344 0.01123508853323178 0
902 -0.01665695757483161 0.01107003904014163 0
903 -0.01676618814369608 0.01090389541082383 0
904 -0.01687376158343714 0.01073667406720167 0
905 -0.01697966726178749 0.01056839153698338 0
906 -0.01708389471143111 0.01039906445257149 0
907 -0.01718643363043271 0.01022870955041405 0
908 -0.01728727388425878 0.01005734366771984 0
909 -0.01738640550629191 0.009884983741553766 0
910 -0.01748381869846225 0.009711646807792275 0
911 -0.01757950383277692 0.009537349998473461 0
912 -0.01767345145229084 0.009362110540018145 0
913 -0.01776565227077653 0.009185945753914107 0
914 -0.01785609717541261 0.009008873051731939 0
915 -0.017944777227026 0.008830909934565586 0
916 -0.01803168366073781 0.008652073991771054 0
917 -0.01811680788688209 0.008472382899149847 0
918 -0.01820014149194879 0.008291854417019405 0
919 -0.01828167623958733 0.008110506388069009 0
920 -0.01836140407080806 0.007928356736960908 0
921 -0.01843931710594064 0.007745423465929083 0
922 -0.01851540764390171 0.007561724656462043 0
923 -0.01858966816416719 0.007377278464728619 0
924 -0.01866209132702497 0.007192103120908331 0
925 -0.01873266997448894 0.007006216926907162 0
926 -0.01880139713070765 0.006819638255319563 0
927 -0.01886826600263382 0.006632385547738666 0
928 -0.01893326998124059 0.006444477311423616 0
929 -0.0189964026417377 0.006255932118635957 0
930 -0.01905765774422754 0.00606676860477506 0
931 -0.01911702923446884 0.005877005466091008 0
932 -0.01917451124424258 0.005686661458572599 0
933 -0.01923009809217361 0.00549575539533748 0
934 -0.019283784284134 0.005304306145292381 0
935 -0.01933556451393814 0.005112332630740696 0
936 -0.01938543366388085 0.004919853825397158 0
937 -0.01943338680485951 0.004726888754002174 0
938 -0.01947941919749051 0.00453345648798332 0
939 -0.01952352629189627 0.004339576146311448 0
940 -0.01956570372862122 0.004145266891747468 0
941 -0.01960594733896587 0.003950547929300067 0
942 -0.01964425314540039 0.00375543850427973 0
943 -0.01968061736187718 0.003559957900787414 0
944 -0.01971503639421211 0.003364125439827129 0
945 -0.01974750684057509 0.003167960476622142 0
946 -0.01977802549161974 0.002971482399887241 0
947 -0.01980658933088959 0.002774710629505459 0
948 -0.01983319553526525 0.002577664613547385 0
949 -0.0198578414750585 0.002380363827537007 0
950 -0.01988052471432801 0.002182827772178419 0
951 -0.01990124301115473 0.001985075971081503 0
952 -0.01991999431775489 0.001787127969847987 0
953 -0.01993677678076744 0.001589003333493164 0
954 -0.01995158874147405 0.001390721643998537 0
955 -0.0199644287359018 0.001192302498990189 0
956 -0.01997529549497651 0.0009937655097511792 0
957 -0.01998418794466082 0.0007951302990535977 0
958 -0.01999110520604832 0.000596416499359258 0
959 -0.01999604659543443 0.000397643751635779 0
960 -0.01999901162443649 0.0001988317018342119 0
961 -0.01999901162442313 -0.0001988317031773103 0
962 -0.01999604659538111 -0.0003976437543175024 0
963 -0.01999110520593027 -0.0005964165033160536 0
964 -0.01998418794446586 -0.0007951303039535945 0
965 -0.0199752954946736 -0.000993765515839886 0
966 -0.01996442873546077 -0.001192302506375046 0
967 -0.01995158874087113 -0.00139072165264819 0
968 -0.01993677677997872 -0.001589003343388964 0
969 -0.0199199943167659 -0.001787127980871661 0
970 -0.01990124300997558 -0.00198507598290293 0
971 -0.01988052471293633 -0.002182827784853391 0
972 -0.01985784147337077 -0.002380363841616574 0
973 -0.01983319553324019 -0.002577664629128707 0
974 -0.01980658932849671 -0.00277471064658644 0
975 -0.01977802548883774 -0.002971482418404092 0
976 -0.01974750683742667 -0.003167960496247836 0
977 -0.01971503639068709 -0.003364125460485058 0
978 -0.0196806173579064 -0.003559957922739153 0
979 -0.01964425314094556 -0.003755438527582406 0
980 -0.01960594733399664 -0.003950547953961576 0
981 -0.01956570372310709 -0.004145266917774239 0
982 -0.01952352628585836 -0.004339576173475654 0
983 -0.01947941919095415 -0.00453345651606885 0
984 -0.01943338679781861 -0.004726888782949038 0
985 -0.01938543365618888 -0.004919853855705428 0
986 -0.01933556450559618 -0.005112332662291159 0
987 -0.01928378427507504 -0.005304306178226181 0
988 -0.01923009808240703 -0.005495755429511525 0
989 -0.01917451123382282 -0.005686661493706335 0
990 -0.0191170292233202 -0.005877005502355885 0
991 -0.01905765773232487 -0.006066768642165146 0
992 -0.01899640262890571 -0.006255932157600817 0
993 -0.01893326996745233 -0.006444477351932236 0
994 -0.01886826598791797 -0.006632385589603329 0
995 -0.01880139711506968 -0.006819638298432673 0
996 -0.01873266995801474 -0.007006216970954584 0
997 -0.0186620913095411 -0.007192103166275523 0
998 -0.01858966814552116 -0.007377278511713905 0
999 -0.01851540762412732 -0.007561724704881026 0
1000 -0.01843931708512267 -0.007745423515489849 0
1001 -0.0183614040491917 -0.007928356787022561 0
1002 -0.01828167621677544 -0.008110506439488669 0
1003 -0.01820014146815778 -0.0082918544692393 0
1004 -0.01811680786210381 -0.008472382952134172 0
1005 -0.01803168363499558 -0.008652074045420136 0
1006 -0.01794477720028007 -0.008830909988914438 0
1007 -0.01785609714757434 -0.009008873106908961 0
1008 -0.01776565224188309 -0.009185945809794127 0
1009 -0.01767345142237595 -0.009362110596490373 0
1010 -0.01757950380212006 -0.00953735005498102 0
1011 -0.01748381866673508 -0.009711646864910512 0
1012 -0.01738640547337118 -0.009884983799457061 0
1013 -0.01728727385022992 -0.01005734372621105 0
1014 -0.0171864335949004 -0.01022870961011598 0
1015 -0.01708389467450855 -0.010399064513229 0
1016 -0.01697966722387753 -0.01056839159789128 0
1017 -0.01687376154409672 -0.0107366741290291 0
1018 -0.01676618810300694 -0.01090389547338879 0
1019 -0.01665695753302992 -0.01107003910304015 0
1020 -0.01654608062999815 -0.01123508859714066 0
1021 -0.01643356835255166 -0.01139902764283044 0
1022 -0.0163194318216777 -0.01156184003598101 0
1023 -0.01620368231770232 -0.01172350968554133 0
1024 -0.01608633128175325 -0.0118840206114634 0
1025 -0.01596739031178851 -0.0120433569502445 0
1026 -0.01584687116375191 -0.01220150295330244 0
1027 -0.01572478575008456 -0.0123584429890637 0
1028 -0.01560114613716084 -0.01251416154630232 0
1029 -0.01547596454493665 -0.0126686432345324 0
1030 -0.01534925334619421 -0.01282187278498527 0
1031 -0.01522102506482891 -0.01297383505274559 0
1032 -0.01509129237452844 -0.01312451501833496 0
1033 -0.01496006809763485 -0.01327389778904931 0
1034 -0.01482736520390411 -0.01342196860039739 0
1035 -0.01469319680954196 -0.01356871281721542 0
1036 -0.01455757617574344 -0.01371411593532106 0
1037 -0.01442051670674536 -0.01385816358362384 0
1038 -0.01428203194903528 -0.01400084152494898 0
1039 -0.01414213558971904 -0.01414213565774287 0
1040 -0.01400084145744422 -0.01428203201521098 0
1041 -0.01385816351594225 -0.01442051677178759 0
1042 -0.01371411586765689 -0.01455757623948717 0
1043 -0.01356871274968429 -0.01469319687190487 0
1044 -0.01342196853305224 -0.01482736526486602 0
1045 -0.0132738977217481 -0.01496006815735044 0
1046 -0.01312451495113923 -0.01509129243296686 0
1047 -0.01297383498557877 -0.0152210251220794 0
1048 -0.01282187271783124 -0.01534925340229078 0
1049 -0.01266864316739303 -0.01547596459989703 0
1050 -0.0125141614792605 -0.01560114619093715 0
1051 -0.01235844292162432 -0.0157247858030866 0
1052 -0.0122015028865134 -0.01584687121517699 0
1053 -0.01204335688447946 -0.0159673903613916 0
1054 -0.01188402054581806 -0.01608633133024974 0
1055 -0.01172350961987668 -0.01620368236521127 0
1056 -0.01156183997117486 -0.01631943186759096 0
1057 -0.01139902757830337 -0.0164335683973104 0
1058 -0.01123508853323178 -0.01654608067339344 0
1059 -0.01107003904014163 -0.01665695757483161 0
1060 -0.01090389541082383 -0.01676618814369608 0
1061 -0.01073667406720167 -0.01687376158343714 0
1062 -0.01056839153698338 -0.01697966726178749 0
1063 -0.01039906445257149 -0.01708389471143111 0
1064 -0.01022870955041405 -0.01718643363043271 0
1065 -0.01005734366771984 -0.01728727388425878 0
1066 -0.009884983741553766 -0.01738640550629191 0
1067 -0.009711646807792275 -0.01748381869846225 0
1068 -0.009537349998473461 -0.01757950383277692 0
1069 -0.009362110540018145 -0.01767345145229084 0
1070 -0.009185945753914107 -0.01776565227077653 0
1071 -0.009008873051731939 -0.01785609717541261 0
1072 -0.008830909934565586 -0.017944777227026 0
1073 -0.008652073991771054 -0.01803168366073781 0
1074 -0.008472382899149847 -0.01811680788688209 0
1075 -0.008291854417019405 -0.01820014149194879 0
1076 -0.008110506388069009 -0.01828167623958733 0
1077 -0.007928356736960908 -0.01836140407080806 0
1078 -0.007745423465929083 -0.01843931710594064 0
1079 -0.007561724656462043 -0.01851540764390171 0
1080 -0.007377278464728619 -0.01858966816416719 0
1081 -0.007192103120908331 -0.01866209132702497 0
1082 -0.007006216926907162 -0.01873266997448894 0
1083 -0.006819638255319563 -0.01880139713070765 0
1084 -0.006632385547738666 -0.01886826600263382 0
1085 -0.006444477311423616 -0.01893326998124059 0
1086 -0.006255932118635957 -0.0189964026417377 0
1087 -0.00606676860477506 -0.01905765774422754 0
1088 -0.005877005466091008 -0.01911702923446884 0
1089 -0.005686661458572599 -0.01917451124424258 0
1090 -0.00549575539533748 -0.01923009809217361 0
1091 -0.005304306145292381 -0.019283784284134 0
1092 -0.005112332630740696 -0.01933556451393814 0
1093 -0.004919853825397158 -0.01938543366388085 0
1094 -0.004726888754002174 -0.01943338680485951 0
1095 -0.00453345648798332 -0.01947941919749051 0
1096 -0.004339576146311448 -0.01952352629189627 0
1097 -0.004145266891747468 -0.01956570372862122 0
1098 -0.003950547929300067 -0.01960594733896587 0
1099 -0.00375543850427973 -0.01964425314540039 0
1100 -0.003559957900787414 -0.01968061736187718 0
1101 -0.003364125439827129 -0.01971503639421211 0
1102 -0.003167960476622142 -0.01974750684057509 0
1103 -0.002971482399887241 -0.01977802549161974 0
1104 -0.002774710629505459 -0.01980658933088959 0
1105 -0.002577664613547385 -0.01983319553526525 0
1106 -0.002380363827537007 -0.0198578414750585 0
1107 -0.002182827772178419 -0.01988052471432801 0
1108 -0.001985075971081503 -0.01990124301115473 0
1109 -0.001787127969847987 -0.01991999431775489 0
1110 -0.001589003333493164 -0.01993677678076744 0
1111 -0.001390721643998537 -0.01995158874147405 0
1112 -0.001192302498990189 -0.0199644287359018 0
1113 -0.0009937655097511792 -0.01997529549497651 0
1114 -0.0007951302990535977 -0.01998418794466082 0
1115 -0.000596416499359258 -0.01999110520604832 0
1116 -0.000397643751635779 -0.01999604659543443 0
1117 -0.0001988317018342119 -0.01999901162443649 0
1118 0.000199142756425028 -0.01999900852948874 0
1119 0.0003982657684083855 -0.01999603421625683 0
1120 0.0005973492935133824 -0.01999107735519872 0
1121 0.0007963735931886455 -0.01998413843777289 0
1122 0.0009953189347426991 -0.01997521815195375 0
1123 0.001194165593361256 -0.01996431738216041 0
1124 0.001392893853986338 -0.01995143720917185 0
1125 0.001591484013280606 -0.01993657891002045 0
1126 0.001789916381645942 -0.01991974395786039 0
1127 0.00198817128513465 -0.01990093402182335 0
1128 0.00218622906738382 -0.01988015096685451 0
1129 0.002384070091565446 -0.01985739685352798 0
1130 0.002581674742221651 -0.01983267393785757 0
1131 0.002779023427432015 -0.01980598467104789 0
1132 0.002976096580663889 -0.01977733169926016 0
1133 0.003172874662615175 -0.0197467178633649 0
1134 0.00336933816342881 -0.01971414619861743 0
1135 0.003565467604189725 -0.01967961993442642 0
1136 0.003761243539277067 -0.01964314249396584 0
1137 0.00395664655815589 -0.01960471749385421 0
1138 0.004151657287306551 -0.01956434874379299 0
1139 0.004346256391941576 -0.01952204024623213 0
1140 0.004540424577968914 -0.01947779619597083 0
1141 0.004734142594462019 -0.01943162097961208 0
1142 0.004927391234655649 -0.01938351917533652 0
1143 0.00512015133860396 -0.01933349555227383 0
1144 0.005312403794577441 -0.01928155507015342 0
1145 0.005504129541509746 -0.01922770287866649 0
1146 0.00569530957033797 -0.01917194431710088 0
1147 0.005885924926022594 -0.01911428491378179 0
1148 0.006075956709270768 -0.01905473038557795 0
1149 0.006265386079471461 -0.01899328663699796 0
1150 0.006454194254979243 -0.01892995976009967 0
1151 0.006642362516225762 -0.01886475603348845 0
1152 0.006829872206582314 -0.01879768192202843 0
1153 0.007016704735589126 -0.01872874407571317 0
1154 0.007202841578914499 -0.01865794932968413 0
1155 0.007388264281654031 -0.01858530470302909 0
1156 0.007572954459995756 -0.01851081739812779 0
1157 0.007756893802237337 -0.01843449480025997 0
1158 0.007940064071159382 -0.01835634447666212 0
1159 0.008122447106311118 -0.01827637417556278 0
1160 0.00830402482464445 -0.01819459182591598 0
1161 0.008484779223367919 -0.01811100553615685 0
1162 0.008664692381537805 -0.01802562359346607 0
1163 0.008843746460817625 -0.01793845446343624 0
1164 0.009021923708159782 -0.01784950678882037 0
1165 0.009199206458797134 -0.01775878938803051 0
1166 0.009375577135689591 -0.01766631125540175 0
1167 0.009551018251489334 -0.01757208156023974 0
1168 0.009725512412429511 -0.01747610964476017 0
1169 0.009899042316924268 -0.01737840502485032 0
1170 0.01007159076068483 -0.01727897738725553 0
1171 0.01024314063586931 -0.01717783659003085 0
1172 0.01041367493395712 -0.01707499266090247 0
1173 0.01058317674655628 -0.01697045579680023 0
1174 0.01075162926862086 -0.01686423636190312 0
1175 0.01091901579834637 -0.01675634488769739 0
1176 0.01108531974002723 -0.01664679207118785 0
1177 0.01125052460463231 -0.01653558877453606 0
1178 0.01141461401273887 -0.01642274602312857 0
1179 0.01157757169572492 -0.01630827500474373 0
1180 0.01173938149654531 -0.01619218706903331 0
1181 0.01190002737251622 -0.01607449372556924 0
1182 0.0120594933956075 -0.01595520664364141 0
1183 0.01221776375537982 -0.01583433765011114 0
1184 0.01237482275984733 -0.01571189872874582 0
1185 0.01253065483717169 -0.01558790201892691 0
1186 0.01268524453703607 -0.01546235981458188 0
1187 0.01283857653210878 -0.01533528456303259 0
1188 0.01299063562040002 -0.01520668886306267 0
1189 0.01314140672566169 -0.0150765854645783 0
1190 0.01329087489903564 -0.01494498726724732 0
1191 0.01343902532152889 -0.01481190731834714 0
1192 0.0135858433045431 -0.0146773588122796 0
1193 0.01373131429107289 -0.01454135508952922 0
1194 0.01387542385837801 -0.01440390963420537 0
1195 0.01401815771830804 -0.01426503607372378 0
1196 0.01415950171880282 -0.01412474817740904 0
1197 0.0142994418458916 -0.0139830598545513 0
1198 0.01443796422543269 -0.01383998515263386 0
1199 0.01457505512368129 -0.01369553825673354 0
1200 0.0147107009480558 -0.01354973348877646 0
1201 0.01484488825005846 -0.0134025853044581 0
1202 0.01497760372485601 -0.01325410829370197 0
1203 0.01510883421469369 -0.01310431717690401 0
1204 0.01523856670788144 -0.01295322680606834 0
1205 0.01536678834242587 -0.01280085216066042 0
1206 0.01549348640527341 -0.01264720834846996 0
1207 0.01561864833470013 -0.01249231060280559 0
1208 0.01574226172106554 -0.01233617428157833 0
1209 0.01586431430865495 -0.01217881486501072 0
1210 0.01598479399633666 -0.01202024795479193 0
1211 0.01610368883889858 -0.01186048927236703 0
1212 0.0162209870481848 -0.01169955465744834 0
1213 0.0163366769943172 -0.01153746006638147 0
1214 0.01645074720697066 -0.01137422157039096 0
1215 0.01656318637651347 -0.01120985535396772 0
1216 0.01667398335530412 -0.01104437771298325 0
1217 0.01678312715790392 -0.01087780505440449 0
1218 0.01689060696275456 -0.01071015389384052 0
1219 0.01699641211368775 -0.01054144085320828 0
1220 0.01710053212011589 -0.01037168266044062 0
1221 0.01720295665974981 -0.01020089614508303 0
1222 0.01730367557693432 -0.01002909824102879 0
1223 0.01740267888562939 -0.009856305981637798 0
1224 0.01749995677029389 -0.009682536498141641 0
1225 0.01759549958550836 -0.00950780702035833 0
1226 0.01768929785920819 -0.009332134870875612 0
1227 0.01778134229090299 -0.009155537468316354 0
1228 0.01787162375482034 -0.008978032321513505 0
1229 0.01796013330026651 -0.008799637028688067 0
1230 0.01804686215108542 -0.008620369278616825 0
1231 0.01813180170916719 -0.008440246843513634 0
1232 0.01821494355265019 -0.008259287582701507 0
1233 0.01829627943806698 -0.008077509438197357 0
1234 0.01837580130144009 -0.007894930432245288 0
1235 0.01845350125829052 -0.007711568667286199 0
1236 0.01852937160505153 -0.007527442322722237 0
1237 0.01860340481894576 -0.007342569655265508 0
1238 0.01867559356034874 -0.007156968993132545 0
1239 0.01874593067162379 -0.006970658738933834 0
1240 0.01881440917903189 -0.006783657364870407 0
1241 0.01888102229342762 -0.006595983410765166 0
1242 0.01894576341010863 -0.006407655484511402 0
1243 0.01900862611022611 -0.006218692258154474 0
1244 0.01906960416120486 -0.006029112466603881 0
1245 0.0191286915173343 -0.005838934905842235 0
1246 0.01918588232009113 -0.005648178431991563 0
1247 0.01924117089907258 -0.005456861958367885 0
1248 0.01929455177275742 -0.005265004452836039 0
1249 0.01934601964845749 -0.005072624937987907 0
1250 0.01939556942340694 -0.004879742487242721 0
1251 0.01944319618478466 -0.004686376224757822 0
1252 0.01948889521073958 -0.004492545321397656 0
1253 0.01953266197008752 -0.004298268996037444 0
1254 0.01957449212373884 -0.00410356650947513 0
1255 0.01961438152431574 -0.003908457166015913 0
1256 0.01965232621669446 -0.003712960311210425 0
1257 0.01968832243904953 -0.003517095326547007 0
1258 0.01972236662219478 -0.003320881632900713 0
1259 0.01975445539098697 -0.003124338682906516 0
1260 0.01978458556376625 -0.002927485964101669 0
1261 0.01981275415315835 -0.002730342994296964 0
1262 0.01983895836646205 -0.002532929318750415 0
1263 0.01986319560549891 -0.002335264511289633 0
1264 0.01988546346738107 -0.002137368168438149 0
1265 0.01990575974412427 -0.001939259912750633 0
1266 0.01992408242356487 -0.001740959384647839 0
1267 0.01994042968904924 -0.001542486245022465 0
1268 0.01995479991970684 -0.001343860172959946 0
1269 0.01996719169083202 -0.001145100860871502 0
1270 0.01997760377379989 -0.0009462280153622384 0
1271 0.01998603513628311 -0.0007472613540502188 0
1272 0.01999248494232802 -0.0005482206041251338 0
1273 0.01999695255245471 -0.0003491255001787214 0
1274 0.01980000000000135 0.00015 0
1275 0.01960000000000203 0.00015 0
1276 0.01940000000000135 0.00015 0
1277 0.019200000000001 0.00015 0
1278 0.01900000000000244 0.00015 0
1279 0.01880000000000339 0.00015 0
1280 0.01860000000000406 0.00015 0
1281 0.01840000000000474 0.00015 0
1282 0.01820000000000542 0.00015 0
1283 0.01800000000000474 0.00015 0
1284 0.01780000000000542 0.00015 0
1285 0.01760000000000504 0.00015 0
1286 0.01740000000000436 0.00015 0
1287 0.01720000000000474 0.00015 0
1288 0.01700000000000406 0.00015 0
1289 0.01680000000000338 0.00015 0
1290 0.01660000000000341 0.00015 0
1291 0.01640000000000203 0.00015 0
1292 0.01620000000000271 0.00015 0
1293 0.01600000000000094 0.00015 0
1294 0.01580000000000032 0.00015 0
1295 0.01560000000000179 0.00015 0
1296 0.01540000000000135 0.00015 0
1297 0.01520000000000067 0.00015 0
1298 0.015 3.89201474867984e-16 0
1299 0.015199999999999 -0.00015 0
1300 0.01539999999999807 -0.00015 0
1301 0.01559999999999893 -0.00015 0
1302 0.01580000000000022 -0.00015 0
1303 0.01599999999999987 -0.00015 0
1304 0.01619999999999897 -0.00015 0
1305 0.01639999999999835 -0.00015 0
1306 0.01659999999999708 -0.00015 0
1307 0.0167999999999971 -0.00015 0
1308 0.01699999999999648 -0.00015 0
1309 0.01719999999999721 -0.00015 0
1310 0.01739999999999629 -0.00015 0
1311 0.01759999999999491 -0.00015 0
1312 0.01779999999999534 -0.00015 0
1313 0.01799999999999472 -0.00015 0
1314 0.01819999999999545 -0.00015 0
1315 0.01839999999999618 -0.00015 0
1316 0.01859999999999556 -0.00015 0
1317 0.01879999999999764 -0.00015 0
1318 0.01899999999999729 -0.00015 0
1319 0.01919999999999808 -0.00015 0
1320 0.01939999999999848 -0.00015 0
1321 0.01959999999999786 -0.00015 0
1322 0.01979999999999995 -0.00015 0
1323 0.01989022253068386 -5.416890887543422e-08 0
1324 0.01985250301467205 -0.003444593648131848 0
1325 -0.02014892798130362 9.973681936306773e-05 0
1326 -9.971078936232022e-05 -0.0201489106328648 0
1327 -0.01417691906128398 0.01431796815746997 0
1328 -0.01431796815746998 -0.01417691906128397 0
1329 -0.02014888793185554 -9.98073187640387e-05 0
1330 -0.01431798975510112 0.01417684082444224 0
1331 -0.01417684082444224 -0.01431798975510111 0
1332 -9.978072909951606e-05 0.02014895724559318 0
1333 0.01301085148917459 -0.0153852155843453 0
1334 9.994133328070482e-05 -0.02014884972804558 0
1335 0.0198527792457499 0.00344464159432278 0
1336 9.993130081653741e-05 0.02014899752876433 0
1337 0.01301103246839654 0.01538542970889164 0
1338 0.01590000000000027 -7.82387392719852e-17 0
1339 0.01570000000000051 1.475169993392829e-16 0
1340 0.01970000000000167 4.738776645391018e-16 0
1341 0.01930000000000124 9.926141939647912e-16 0
1342 0.01610000000000025 -2.082955661251995e-16 0
1343 0.01530425170067954 -7.086167803023151e-07 0
1344 0.01629999999999964 -5.070747411475012e-16 0
1345 0.01649999999999961 -4.347233110978908e-16 0
1346 0.01910000000000048 4.414555020727332e-16 0
1347 0.01550000000000156 9.633136302533705e-16 0
1348 0.01950000000000164 1.426864269099548e-15 0
1349 0.01890000000000082 3.987055609952648e-16 0
1350 0.01669999999999956 -4.24697618496366e-16 0
1351 0.01870000000000098 5.486814656088362e-16 0
1352 0.01689999999999957 -5.003573896819738e-16 0
1353 0.01729999999999668 -2.532804695143387e-15 0
1354 0.01709999999999979 -5.05536049155664e-16 0
1355 0.01749999999999724 -1.801441829613635e-15 0
1356 0.0185000000000011 5.676601276538036e-16 0
1357 0.01830000000000133 6.541080348777264e-16 0
1358 0.01770000000000049 2.572428996292843e-16 0
1359 0.01790000000000353 2.345439182868837e-15 0
1360 0.01810000000000087 4.999245362910938e-16 0
1361 0.01285766922848387 -0.01551337942857507 0
1362 0.01981703945720516 -0.003641991241807111 0
1363 0.01285784812866383 0.01551359540928478 0
1364 0.0198854992249177 -0.00324662465361594 0
1365 -0.02014636626358405 0.0003004574436867619 0
1366 -0.0003004574436866255 -0.02014636626358405 0
1367 -0.01445808773100904 0.01403317666988129 0
1368 -0.01403317666988126 -0.01445808773100901 0
1369 -0.01403317673847541 0.01445808766542464 0
1370 -0.01445808766542469 -0.01403317673847536 0
1371 -0.0003004574457138196 0.02014636626353718 0
1372 -0.02014636626353718 -0.0003004574457139558 0
1373 0.01981731360657962 0.003642041642205221 0
1374 0.01316326205559383 -0.01525432534500127 0
1375 0.01988577406486942 0.003246669540681821 0
1376 0.0003009244495654873 -0.02014615748405062 0
1377 0.0131634436941866 0.01525453595368564 0
1378 0.01270154154660475 -0.01564037771798323 0
1379 0.0003009285962240816 0.02014643521140453 0
1380 0.01977891197001146 -0.00383896063716419 0
1381 -0.02014159438279276 0.0005007097896593462 0
1382 -0.0005007097896594806 -0.02014159438279267 0
1383 -0.01388820271686195 0.01459631322914492 0
1384 -0.01459631322914494 -0.01388820271686187 0
1385 -0.01459631329340948 0.01388820264811224 0
1386 -0.01388820264811232 -0.01459631329340947 0
1387 -0.0005007097930029048 0.02014159438269384 0
1388 -0.02014159438269375 -0.0005007097930029024 0
1389 0.01270171636639919 0.0156405931027927 0
1390 0.01991595709801448 -0.003048325835025915 0
1391 0.01977918393626055 0.003839013442128563 0
1392 0.01331391210212443 -0.0151218342099379 0
1393 0.01991623070009959 0.003048367726905202 0
1394 0.0005014856359559731 -0.02014128034357632 0
1395 0.01331409471765155 0.01512204173917465 0
1396 0.01254463263427273 -0.01576538736813811 0
1397 0.0005014925052420107 0.02014155634679458 0
1398 -0.02013485324577037 0.0007008976886056833 0
1399 -0.0007008976886055499 -0.02013485324577046 0
1400 -0.01374188179173278 0.01473310074723219 0
1401 -0.01473310074723214 -0.01374188179173283 0
1402 -0.01473310081023151 0.01374188172315384 0
1403 -0.01374188172315379 -0.01473310081023155 0
1404 -0.0007008976930661096 0.0201348532455973 0
1405 -0.02013485324559721 -0.0007008976930661062 0
1406 0.01973885305623589 -0.004035537214819886 0
1407 0.01254480426871096 0.01576560318456025 0
1408 0.01994446413004217 -0.00284974615773154 0
1409 0.01973912286864969 0.00403559239612384 0
1410 0.01346324670104077 -0.01498787535893994 0
1411 0.01994473651213494 0.002849785090355428 0
1412 0.0007019804667899787 -0.02013443340145326 0
1413 0.01346343028425088 0.01498807984814507 0
1414 0.01238651005060166 -0.01588884413290275 0
1415 -0.02012614364702439 0.0009010019879749822 0
1416 -0.0009010019879749868 -0.02012614364702447 0
1417 -0.0148684373006804 0.01359422799930837 0
1418 -0.01359422799930838 -0.0148684373006804 0
1419 -0.01359422806763651 0.01486843723899893 0
1420 -0.01486843723899894 -0.01359422806763643 0
1421 -0.0009010019935089625 0.02012614364675805 0
1422 -0.02012614364675814 -0.00090100199350883 0
1423 0.0007019900268540357 0.02013470770475119 0
1424 0.01969686669451881 -0.004231702300410623 0
1425 0.01238667853961953 0.01588906037881689 0
1426 0.01997101777450006 -0.002650904544510976 0
1427 0.01969713438222424 0.004231759831114238 0
1428 0.01361125175184323 -0.01485246166539484 0
1429 0.01997128895530996 0.00265094055293968 0
1430 0.0009023898663107276 -0.0201256174755052 0
1431 0.01361143629457861 0.01485266315381475 0
1432 -0.0201154665652829 0.001101003544367808 0
1433 -0.001101003544367813 -0.02011546656528299 0
1434 -0.01500230992057092 0.01344525570484095 0
1435 -0.01344525570484103 -0.0150023099205709 0
1436 -0.001101003551152878 0.02011546656489438 0
1437 -0.02011546656489429 -0.001101003551153009 0
1438 -0.01344525577307254 0.01500230986025823 0
1439 -0.01500230986025818 -0.01344525577307259 0
1440 0.01222718894601634 -0.01601073639291493 0
1441 0.000902402086313449 0.02012589010339033 0
1442 0.01965295704138462 -0.004427437258301503 0
1443 0.01999561566639986 -0.002451819941148998 0
1444 0.01222735432876246 0.01601095306729239 0
1445 0.01375791327800283 -0.01471560613686884 0
1446 0.01965322263365404 0.004427497113155981 0
1447 0.0199958856649563 0.002451853059117859 0
1448 0.001102694768190952 -0.0201148335656798 0
1449 -0.02010282316341202 0.001300883225706513 0
1450 -0.001300883225706513 -0.020102823163412 0
1451 -0.01329497925908839 0.01513470590447925 0
1452 -0.0151347059044793 -0.01329497925908834 0
1453 -0.01513470596342785 0.01329497919086265 0
1454 -0.0132949791908626 -0.01513470596342789 0
1455 -0.001300883233780901 0.02010282316286998 0
1456 -0.0201028231628699 -0.001300883233780895 0
1457 0.01375809877320758 0.01471580466284825 0
1458 0.01206668458046727 -0.0161310526743229 0
1459 0.001102709618581459 0.02011510454301583 0
1460 0.01960712843052471 -0.004622723495144009 0
1461 0.0200182556212612 -0.002252511314120791 0
1462 0.01206684689553037 0.01613126977767157 0
1463 0.01390321742846187 -0.01457732191321832 0
1464 0.01960739195729512 0.004622785649579077 0
1465 -0.02008821478827146 0.001500621912533739 0
1466 -0.001500621912533746 -0.02008821478827155 0
1467 -0.01314341299747392 0.01526561280429286 0
1468 -0.01526561280429281 -0.01314341299747397 0
1469 -0.01526561286204686 0.01314341292936989 0
1470 -0.01314341292936997 -0.01526561286204685 0
1471 -0.001500621921871183 0.02008821478754 0
1472 -0.02008821478754 -0.001500621921871183 0
1473 0.02001852445759112 0.002252541574537422 0
1474 0.001302876117243461 -0.02010208285399716 0
1475 0.01390340387047444 0.01457751751420878 0
1476 0.01190501232247887 -0.01624978165033483 0
1477 0.00130289356953456 0.02010235220629466 0
1478 0.01955938537331557 -0.004817542460088865 0
1479 0.02003893563682206 -0.002052997649757715 0
1480 0.0119051716079715 0.01624999918399544 0
1481 0.01404715047887615 -0.01443762226528158 0
1482 0.01955964686432351 0.004817606890974427 0
1483 -0.02007164297057791 0.001700200499808303 0
1484 -0.001700200499808441 -0.02007164297057791 0
1485 -0.01299057157987218 0.01539501813298362 0
1486 -0.01539501813298367 -0.01299057157987213 0
1487 -0.01539501818963818 0.01299057151186907 0
1488 -0.0129905715118691 -0.01539501818963821 0
1489 -0.001700200510339596 0.02007164296963895 0
1490 -0.02007164296963895 -0.001700200510339595 0
1491 0.02003920333092764 0.00205302508416833 0
1492 0.001502914871101567 -0.02008736670439559 0
1493 0.01404733786340088 0.01443781497826618 0
1494 0.0117421876476563 -0.01636691214152021 0
1495 0.001502934898163811 0.02008763445719901 0
1496 0.01950973255770555 -0.005011875646662189 0
1497 0.0200576538912898 -0.001853297951834384 0
1498 0.01174234394080374 0.01636713010768333 0
1499 -0.0200531094247151 0.001899599898792877 0
1500 -0.001899599898792741 -0.0200531094247151 0
1501 -0.01283646971637664 0.01552290960517412 0
1502 -0.0155229096051741 -0.01283646971637672 0
1503 -0.01552290966064146 0.01283646964837035 0
1504 -0.0128364696483703 -0.01552290966064151 0
1505 -0.001899599910296064 0.02005310942361229 0
1506 -0.02005310942361229 -0.001899599910295927 0
1507 0.01418969883254787 -0.01429652059439787 0
1508 0.01950999204294545 0.005011942332542303 0
1509 0.02005792046423972 0.001853322590513072 0
1510 0.00170279200196891 -0.0200706866625864 0
1511 0.01418988715655009 0.014296710455296 0
1512 0.0115782261370814 -0.0164824331172121 0
1513 0.001702814577943521 0.02007095284208773 0
1514 0.01945817484834222 -0.005205704595082057 0
1515 0.02007440874516202 -0.001653431239201394 0
1516 -0.02003261604873049 0.002098801038529669 0
1517 -0.002098801038529806 -0.02003261604873049 0
1518 -0.01268112223406801 0.01564927507762204 0
1519 -0.01564927507762208 -0.01268112223406804 0
1520 -0.01564927513201451 0.01268112216620495 0
1521 -0.01268112216620492 -0.01564927513201447 0
1522 -0.002098801050868821 0.02003261604746984 0
1523 -0.02003261604746993 -0.00209880105086883 0
1524 0.01157837947399998 0.01648265151937012 0
1525 0.01433084902150934 -0.01415403043039542 0
1526 0.019458432357767 0.005205773515519387 0
1527 0.001902488498344555 -0.02005204445591673 0
1528 0.02007467421849787 0.001653453111919974 0
1529 0.01141314347600131 -0.01659633369669902 0
1530 0.01433103828388238 0.01415421747466727 0
1531 0.01940471728562974 -0.005399010893229971 0
1532 0.001902513598147891 0.02005230908861837 0
1533 -0.02001016492404465 0.002297784867529564 0
1534 -0.002297784867529557 -0.02001016492404455 0
1535 -0.01577410260419569 0.01252454400807533 0
1536 -0.01252454400807541 -0.01577410260419567 0
1537 -0.01252454407609662 0.0157741025508101 0
1538 -0.01577410255081014 -0.01252454407609665 0
1539 -0.00229778488099973 0.02001016492247647 0
1540 -0.02001016492247656 -0.00229778488099974 0
1541 0.02008919874094997 -0.001453416546156441 0
1542 0.01141329389191356 0.01659655253957357 0
1543 0.01447058770889205 -0.01401016543057716 0
1544 0.01940497284938289 0.00539908202904441 0
1545 0.002101985366711759 -0.02003144199325987 0
1546 0.02008946313640378 0.001453435680871613 0
1547 0.01124695545219314 -0.01670860314975269 0
1548 0.0144707779090566 0.01401034969321808 0
1549 -0.01998575831502663 0.002496532356077444 0
1550 -0.002496532356077442 -0.01998575831502664 0
1551 -0.01589738022233399 0.01236675023189382 0
1552 -0.01236675023189377 -0.01589738022233404 0
1553 -0.01236675029966805 0.01589738016999019 0
1554 -0.01589738016999024 -0.012366750299668 0
1555 -0.002496532371006769 0.01998575831310998 0
1556 -0.01998575831310989 -0.002496532371006892 0
1557 0.01934936508564664 -0.005591776178579207 0
1558 0.002102012967063543 0.02003170510543984 0
1559 0.02010202260254909 -0.001253272919022799 0
1560 0.01124710298212431 0.01670882243886115 0
1561 0.01460890168928388 -0.01386493937807642 0
1562 0.01934961873384064 0.005591849511693288 0
1563 0.002301263633228046 -0.02000888136472228 0
1564 0.02010228594258849 0.001253289342348001 0
1565 0.01107967795454734 -0.01681923089795974 0
1566 -0.01995939866917201 0.002695024497832548 0
1567 -0.002695024497832548 -0.01995939866917201 0
1568 -0.01601909627706525 0.01220775600781282 0
1569 -0.01220775600781273 -0.01601909627706513 0
1570 -0.01220775607466545 0.0160190962263388 0
1571 -0.01601909622633879 -0.01220775607466553 0
1572 -0.002695024514268438 0.01995939866687175 0
1573 -0.01995939866687185 -0.002695024514268316 0
1574 0.01460909282736481 0.01386512089382408 0
1575 0.0192921236392393 -0.005783982139845192 0
1576 0.002301293712038553 0.02000914298335139 0
1577 0.02011287923627779 -0.001053019414463521 0
1578 0.01107982263294148 0.01681945063957926 0
1579 0.0147457778898978 -0.01371836618201292 0
1580 0.01929237540212649 0.005784057653402979 0
1581 0.002500304345381512 -0.01998436484150135 0
1582 0.02011314154368892 0.001053033152113041 0
1583 -0.01993108861665524 0.002893242311204892 0
1584 -0.002893242311204879 -0.01993108861665515 0
1585 -0.01613923920672687 0.01204757661691154 0
1586 -0.01204757661691151 -0.01613923920672683 0
1587 -0.01204757668323995 0.01613923915755079 0
1588 -0.01613923915755081 -0.01204757668323987 0
1589 -0.002893242329114456 0.01993108861395209 0
1590 -0.01993108861395218 -0.002893242329114465 0
1591 0.01091132697237993 -0.0169282065154139 0
1592 0.01474596996711489 0.01371854498463377 0
1593 0.01923299851193045 -0.005975610518717866 0
1594 0.002500336881816601 0.01998462499329796 0
1595 0.02012176773047644 -0.0008526750985318869 0
1596 0.01091146883207197 0.01692842671703254 0
1597 0.01488120337143927 -0.01357045987496597 0
1598 0.01923324841955116 0.005975688197261665 0
1599 -0.01625779759710264 0.01188622745165658 0
1600 -0.01188622745165671 -0.01625779759710257 0
1601 -0.01990083096998684 0.003091166841433848 0
1602 -0.003091166841433833 -0.01990083096998675 0
1603 -0.01188622751797267 0.01625779754904134 0
1604 -0.01625779754904138 -0.0118862275179727 0
1605 -0.003091166860632828 0.01990083096696571 0
1606 -0.01990083096696562 -0.003091166860632957 0
1607 0.002699088573757534 -0.01995789487571197 0
1608 0.02012202902843217 0.0008526861749200105 0
1609 0.01074191859325716 -0.01703551972950479 0
1610 0.01488139639012629 0.01357063599819683 0
1611 0.01917199544346427 -0.006166643110819158 0
1612 0.002699123548561685 0.0199581535879248 0
1613 0.02012868735574909 -0.0006522590446032029 0
1614 0.01074205766646691 0.0170357403997401 0
1615 0.01501516532978888 -0.01342123461240523 0
1616 -0.01637476018214025 0.01172372401306531 0
1617 -0.01172372401306521 -0.01637476018214034 0
1618 -0.01986862872416337 0.003288779161953797 0
1619 -0.003288779161953679 -0.01986862872416346 0
1620 -0.01172372407887638 0.0163747601352739 0
1621 -0.01637476013527386 -0.01172372407887642 0
1622 -0.003288779182229439 0.01986862872076535 0
1623 -0.01986862872076535 -0.003288779182229435 0
1624 0.01917224352580548 0.006166722940587943 0
1625 0.002897597413802409 -0.01992947410010205 0
1626 0.0201289476677117 0.00065226748280183 0
1627 0.01057146900165226 -0.01714116042225401 0
1628 0.01501535929315747 0.01342140808900981 0
1629 0.01910912034680025 -0.006357061768201638 0
1630 0.002897634808740017 0.01992973139996837 0
1631 0.02013363756479293 -0.000451790331799164 0
1632 -0.01983448505588307 0.003486060375984533 0
1633 -0.00348606037598453 -0.01983448505588307 0
1634 -0.01649011584651301 0.01156008190898717 0
1635 -0.01156008190898725 -0.016490115846513 0
1636 -0.01156008197429388 0.0164901158011354 0
1637 -0.01649011580113541 -0.01156008197429381 0
1638 -0.003486060397423889 0.01983448505203301 0
1639 -0.0198344850520331 -0.003486060397423767 0
1640 0.01057160531956198 0.01714138157043859 0
1641 0.01514765109667336 -0.01327070467061023 0
1642 0.003095811987436332 -0.01989910532786167 0
1643 0.01910936663373748 0.006357143736656057 0
1644 0.02013389691465029 0.0004517961533839008 0
1645 0.01039999447720688 -0.01724511863090657 0
1646 0.01514784600933784 0.01327087553268726 0
1647 0.01904437930774211 -0.006546848401116069 0
1648 0.003095851785963049 0.01989936124261351 0
1649 -0.01660385362594645 0.01139531685321789 0
1650 -0.01139531685321789 -0.01660385362594645 0
1651 -0.01979840332341328 0.00368299161904071 0
1652 -0.003682991619040853 -0.01979840332341327 0
1653 -0.01139531691802207 0.01660385358177184 0
1654 -0.01660385358177183 -0.01139531691802214 0
1655 -0.003682991641813217 0.01979840331911104 0
1656 -0.01979840331911104 -0.003682991641813221 0
1657 0.02014674956771297 -0.0002722280899361166 0
1658 0.01527864814165486 -0.01311888444638991 0
1659 0.01040012807032938 0.01724534026738836 0
1660 0.003293713444818211 -0.0198667915521925 0
1661 0.01904462382892014 0.006546932496978134 0
1662 0.02014685412123613 0.0002721658859134982 0
1663 0.01022751139385511 -0.01734738454914651 0
1664 0.01527884400893393 0.01311905272486462 0
1665 0.018977778584508 -0.006735984979128857 0
1666 -0.01671596270770324 0.01122944466466123 0
1667 -0.01122944466466123 -0.01671596270770323 0
1668 -0.01976038706648421 0.003879554060297575 0
1669 -0.003879554060297438 -0.01976038706648421 0
1670 -0.01122944472859103 0.01671596266494338 0
1671 -0.01671596266494341 -0.0112294447285908 0
1672 -0.003879554084433629 0.0197603870616826 0
1673 -0.01976038706168252 -0.003879554084433745 0
1674 0.003293755631131816 0.01986704610974022 0
1675 0.01540814407217433 -0.01296578845477326 0
1676 0.01022764229171007 0.01734760668481019 0
1677 0.003491282965993183 -0.01983253594625888 0
1678 0.0189780213695053 0.006736071192381558 0
1679 0.01005403621817873 -0.01744794852744322 0
1680 -0.01972044000569644 0.00407572890405427 0
1681 -0.00407572890405429 -0.01972044000569652 0
1682 -0.01682643243197087 0.01106248126425655 0
1683 -0.01106248126425654 -0.01682643243197091 0
1684 -0.01106248132757101 0.01682643239067264 0
1685 -0.01682643239067256 -0.01106248132757099 0
1686 -0.004075728929560749 0.01972044000036123 0
1687 -0.01972044000036124 -0.004075728929560747 0
1688 0.01890932460746678 -0.006924453532493838 0
1689 0.01540834090069726 0.01296595418035277 0
1690 0.003491327525709488 0.01983278917378878 0
1691 0.0155361266356725 -0.01281143132828342 0
1692 0.0100541644489418 0.01744817117448495 0
1693 0.003688501762566675 -0.01979634186280781 0
1694 0.01890956568578918 0.006924541854285471 0
1695 0.009879585507738041 -0.01754680107437359 0
1696 -0.01967856604220527 0.004271497391853164 0
1697 -0.004271497391853164 -0.01967856604220527 0
1698 -0.01693525229353137 0.01089444267481922 0
1699 -0.01089444267481922 -0.01693525229353136 0
1700 -0.004271497418629021 0.01967856603638064 0
1701 -0.01967856603638074 -0.0042714974186289 0
1702 -0.01089444273752275 0.01693525225336822 0
1703 -0.01693525225336816 -0.01089444273752271 0
1704 0.01883902397768513 -0.007112236154314956 0
1705 0.01553632443266918 0.01281159453123654 0
1706 0.003688548682944945 0.01979659378804877 0
1707 0.01566258371978589 -0.01265582781574919 0
1708 0.00987971109912072 0.0175470242458369 0
1709 0.003885351079520055 -0.01975821283374469 0
1710 -0.01963476925748442 0.004466840804008334 0
1711 -0.004466840804008472 -0.01963476925748441 0
1712 -0.0170424119411694 0.01072534501956012 0
1713 -0.01072534501956011 -0.01704241194116938 0
1714 -0.0044668408318272 0.01963476925117704 0
1715 -0.01963476925117704 -0.004466840831827339 0
1716 -0.01072534508136948 0.01704241190231579 0
1717 -0.0170424119023157 -0.01072534508136958 0
1718 0.01883926337892077 0.007112326576859106 0
1719 0.009704175909309812 -0.01764393285732987 0
1720 0.01876688346698422 -0.007299315002268344 0
1721 0.01566278249362796 0.01265598852469469 0
1722 0.003885400348764933 0.01975846348417689 0
1723 0.01578750335391894 -0.01249899278075553 0
1724 -0.01958905391299596 0.004661740461154419 0
1725 -0.004661740461154407 -0.01958905391299587 0
1726 -0.01714790117993978 0.01055520451990029 0
1727 -0.01055520451990031 -0.01714790117993975 0
1728 -0.004661740489867091 0.01958905390616953 0
1729 -0.01958905390616955 -0.004661740489867086 0
1730 -0.01055520458112856 0.0171479011423189 0
1731 -0.0171479011423189 -0.01055520458112856 0
1732 0.00970429888832342 0.01764415656680337 0
1733 0.004081812196854801 -0.01971815256993746 0
1734 0.01876712122052986 0.007299407518816018 0
1735 0.009527824158435526 -0.01773933470362797 0
1736 0.01869291001781773 -0.007485672299170167 0
1737 0.01578770311439519 0.01249915102328919 0
1738 0.01591087371016233 -0.01234094120004009 0
1739 0.004081863804639868 0.01971840197324337 0
1740 -0.01954142444965972 0.004856177725761937 0
1741 -0.004856177725761936 -0.01954142444965972 0
1742 -0.01725170997139977 0.01038403749462686 0
1743 -0.01038403749462679 -0.01725170997139971 0
1744 -0.004856177755573726 0.01954142444217362 0
1745 -0.01954142444217371 -0.004856177755573616 0
1746 -0.01038403755517752 0.01725170993486201 0
1747 -0.01725170993486205 -0.01038403755517734 0
1748 0.004277866431176552 -0.01967616496089547 0
1749 0.009527944550336176 0.01773955896558028 0
1750 0.009350547076798497 -0.01783299760030907 0
1751 0.01869314615231164 0.007485766904598133 0
1752 0.01861711074104322 -0.007671290335753557 0
1753 0.01591107446792086 0.01234109700356441 0
1754 -0.01949188548716839 0.005050134004576905 0
1755 -0.005050134004576782 -0.01949188548716849 0
1756 -0.01735382843470817 0.0102118603580664 0
1757 -0.01021186035806658 -0.01735382843470814 0
1758 -0.005050134035703526 0.01949188547904857 0
1759 -0.01949188547904857 -0.005050134035703657 0
1760 -0.01021186041748729 0.01735382839956129 0
1761 -0.0173538283995612 -0.01021186041748739 0
1762 0.01603268310475011 -0.01218168816239769 0
1763 0.004277920367818118 0.01967641314493721 0
1764 0.004473495137287525 -0.01963225407437593 0
1765 0.009350664905973614 0.01783322243044251 0
1766 0.009172361571289716 -0.01792491269635631 0
1767 0.01861734528546322 0.007671387026052771 0
1768 0.01853949291708682 -0.007856151471970803 0
1769 -0.01944044182427753 0.005243590750035945 0
1770 -0.005243590750035955 -0.01944044182427753 0
1771 -0.01745424684789349 0.01003868961820741 0
1772 -0.01003868961820739 -0.01745424684789351 0
1773 -0.01003868967679133 0.01745424681417899 0
1774 -0.01745424681417899 -0.01003868967679133 0
1775 -0.005243590782478454 0.01944044181545109 0
1776 -0.01944044181545119 -0.00524359078247834 0
1777 0.01603288487105464 0.01218184155338439 0
1778 0.01615291999865577 -0.01202124886738644 0
1779 0.004473551394706866 0.01963250106649519 0
1780 0.004668679710165506 -0.01958642415594213 0
1781 0.009172476861393572 0.01792513811061037 0
1782 0.02015589714927775 -8.715272852448956e-05 0
1783 0.008993284632483875 -0.01801507130231942 0
1784 0.02015644739729083 8.762852958457087e-05 0
1785 -0.01938709843760467 0.005436529461625612 0
1786 -0.00543652946162563 -0.01938709843760476 0
1787 -0.01755295564840445 0.009864541875929316 0
1788 -0.009864541875929214 -0.01755295564840454 0
1789 -0.009864541933806117 0.01755295561582171 0
1790 -0.01755295561582171 -0.00986454193380615 0
1791 -0.005436529495390812 0.01938709842807313 0
1792 -0.01938709842807323 -0.005436529495390838 0
1793 0.01846006399402754 -0.008040238137659979 0
1794 0.01853972589960882 0.007856250244177007 0
1795 0.01627157299870511 -0.01185963862393668 0
1796 0.01615312278579243 0.0120213998712045 0
1797 0.004863401586477563 -0.01953867962869462 0
1798 0.004668738281669166 0.01958666998384801 0
1799 0.008813333332033367 -0.01810346489191072 0
1800 -0.01764994543377989 0.009689433823132495 0
1801 -0.009689433823132441 -0.01764994543377978 0
1802 -0.01933186048155996 0.005628931688193223 0
1803 -0.005628931688193263 -0.01933186048156004 0
1804 -0.009689433880326273 0.01764994540237308 0
1805 -0.01764994540237318 -0.009689433880326326 0
1806 -0.005628931723073707 0.01933186047137388 0
1807 -0.01933186047137396 -0.005628931723073738 0
1808 0.008993397406078104 0.01801529731753815 0
1809 0.01837883158746434 -0.00822353283542502 0
1810 0.0184602954424601 0.008040338990752479 0
1811 0.01638863085847725 -0.01169687284888451 0
1812 0.01627177681983006 0.01185978726530203 0
1813 0.005057642246138612 -0.01948902509275052 0
1814 -0.01927473328797981 0.005820779028930478 0
1815 -0.00582077902893049 -0.0192747332879799 0
1816 -0.01774520696299985 0.009513382240797213 0
1817 -0.009513382240797208 -0.01774520696299983 0
1818 -0.005820779064842708 0.01927473327703189 0
1819 -0.01927473327703198 -0.005820779064842717 0
1820 -0.00951338229772293 0.01774520693261314 0
1821 -0.01774520693261325 -0.009513382297722946 0
1822 0.004863462466531626 0.01953892431940872 0
1823 0.00863252482241092 -0.018190085102709 0
1824 0.008813443610649457 0.01810369152563485 0
1825 0.01829580347952263 -0.008406018141671681 0
1826 0.01837906152927366 0.008223635769537342 0
1827 0.01650408247966593 -0.01153296706565587 0
1828 -0.01921572236532553 0.006012053135314859 0
1829 -0.006012053135314887 -0.01921572236532562 0
1830 -0.01783873115700082 0.00933640399875604 0
1831 -0.009336403998756026 -0.01783873115700071 0
1832 -0.009336404055303567 0.01783873112738655 0
1833 -0.01783873112738654 -0.009336404055303556 0
1834 -0.006012053172349206 0.01921572235359179 0
1835 -0.01921572235359189 -0.006012053172349233 0
1836 0.005251383214140368 -0.01943746532494533 0
1837 0.01638883572762724 0.01169701915135011 0
1838 0.008450876335661798 -0.01827492373618657 0
1839 0.005057705430883784 0.01948926867344909 0
1840 0.01821098761853962 -0.008587676708152706 0
1841 0.008632632626852068 0.01819031237315181 0
1842 -0.01915483339843066 0.006202735712867869 0
1843 -0.006202735712867996 -0.01915483339843055 0
1844 -0.01793050909888388 0.00915851605323326 0
1845 -0.009158516053233407 -0.01793050909888386 0
1846 -0.009158516109113205 0.01793050907028499 0
1847 -0.01793050907028509 -0.009158516109113134 0
1848 -0.006202735751229377 0.01915483338575672 0
1849 -0.01915483338575663 -0.00620273575122949 0
1850 0.01661791691295014 -0.01136793690262993 0
1851 0.0182960319420072 0.008406123157979811 0
1852 0.005444606062200254 -0.01938400527824036 0
1853 0.008268405180707096 -0.01835797275882083 0
1854 0.01650428841195611 0.01153311105158444 0
1855 0.01812439211846012 -0.008768491262932752 0
1856 0.00525144870066623 0.01943770782256438 0
1857 -0.01909207224773032 0.006392808522886108 0
1858 -0.006392808522885965 -0.01909207224773033 0
1859 -0.01802053203608119 0.00897973544465764 0
1860 -0.008979735444657548 -0.0180205320360813 0
1861 -0.008979735499744592 0.01802053200851916 0
1862 -0.0180205320085191 -0.008979735499744561 0
1863 -0.006392808562807481 0.01909207223408614 0
1864 -0.01909207223408623 -0.006392808562807368 0
1865 0.008450981685089377 0.01827515166203288 0
1866 0.01673012335898639 -0.01120179809152983 0
1867 0.005637292410457025 -0.01932865008140718 0
1868 0.0182112146285212 0.008587783808892496 0
1869 0.008085128742033525 -0.01843922430319333 0
1870 -0.01902744494891894 0.006582253384185576 0
1871 -0.006582253384185674 -0.01902744494891885 0
1872 -0.0181087913805077 0.00880007929680696 0
1873 -0.008800079296807078 -0.01810879138050762 0
1874 -0.008800079351126191 0.01810879135400195 0
1875 -0.01810879135400186 -0.008800079351126297 0
1876 -0.0065822534255651 0.01902744493433076 0
1877 -0.01902744493433077 -0.006582253425565105 0
1878 0.01803602525669435 -0.008948444613320373 0
1879 0.01661812392434897 0.01136807859322117 0
1880 0.005444673848884174 0.01938424671961488 0
1881 0.01684069116945976 -0.01103456646682874 0
1882 0.00582942392891341 -0.01927140503860006 0
1883 -0.01896095771226099 0.006771052174564247 0
1884 -0.006771052174564264 -0.01896095771226098 0
1885 -0.01819527870919206 0.008619564815405538 0
1886 -0.00861956481540558 -0.01819527870919213 0
1887 -0.008619564869035173 0.01819527868366954 0
1888 -0.01819527868366957 -0.008619564869035179 0
1889 -0.006771052217247573 0.01896095769673012 0
1890 -0.01896095769673019 -0.006771052217247618 0
1891 0.008268508093038805 0.0183582013599278 0
1892 0.007901064478695806 -0.01851867066834361 0
1893 0.01812461770207746 0.008768600451867246 0
1894 0.01794589547556408 -0.009127519646746728 0
1895 -0.01889261692201052 0.006959186832722406 0
1896 -0.00695918683272239 -0.01889261692201053 0
1897 -0.01827998576510401 0.008438209286406369 0
1898 -0.008438209286406345 -0.01827998576510402 0
1899 -0.008438209339312495 0.01827998574055289 0
1900 -0.01827998574055292 -0.008438209339312464 0
1901 -0.00695918687651619 0.01889261690563498 0
1902 -0.01889261690563498 -0.006959186876516315 0
1903 0.01694960984744224 -0.01086625796427113 0
1904 0.01673033146630099 0.011201937507693 0
1905 0.006020982339067999 -0.0192122756288602 0
1906 0.00563736249652887 0.01932889049335833 0
1907 0.007716229922175121 -0.0185963043203518 0
1908 -0.01882242913624299 0.007146639359425171 0
1909 -0.007146639359425078 -0.01882242913624308 0
1910 -0.01836290445802224 0.008256030074112417 0
1911 -0.008256030074112301 -0.01836290445802223 0
1912 -0.008256030126224508 0.01836290443444441 0
1913 -0.01836290443444442 -0.008256030126224504 0
1914 -0.007146639404327475 0.01882242911887674 0
1915 -0.01882242911887666 -0.007146639404327445 0
1916 0.01785401137975311 -0.009305699331396151 0
1917 0.00808522923466184 0.01843945359976736 0
1918 0.01803624944031324 0.00894855589500977 0
1919 0.01705686904881718 -0.01069688861865496 0
1920 -0.01875040108572449 0.007333391819150224 0
1921 -0.007333391819150332 -0.01875040108572439 0
1922 -0.01844402686529852 0.008073044620186395 0
1923 -0.008073044620186539 -0.0184440268652985 0
1924 -0.00807304467116673 0.01844402684270826 0
1925 -0.01844402684270826 -0.008073044671166726 0
1926 -0.007333391865511917 0.01875040106722342 0
1927 -0.01875040106722351 -0.007333391865511807 0
1928 0.006211949415955143 -0.01915126750528685 0
1929 -0.01867653967333516 0.007519426342536166 0
1930 -0.007519426342536164 -0.01867653967333515 0
1931 -0.01852334523225338 0.007889270441146318 0
1932 -0.00788927044114621 -0.01852334523225346 0
1933 -0.007889270491246835 0.0185233452107922 0
1934 -0.01852334521079228 -0.007889270491246866 0
1935 -0.007519426390444233 0.01867653965371611 0
1936 -0.01867653965371619 -0.007519426390444266 0
1937 0.007530642675021139 -0.01867211789338249 0
1938 -0.01860085197366898 0.007704725127599194 0
1939 -0.007704725127599194 -0.01860085197366898 0
1940 -0.007704725176825179 0.01860085195301655 0
1941 -0.01860085195301664 -0.007704725176825214 0
1942 0.01684090038964791 0.01103470362909323 0
1943 0.01776038173622066 -0.009482966719612769 0
1944 0.01716245858341889 -0.01052647456299297 0
1945 0.005829496315023247 0.01927164444731262 0
1946 0.006402306989656131 -0.01908838649503097 0
1947 0.007344320409512527 -0.01874610418997085 0
1948 0.00790116256768247 0.01851890068104654 0
1949 0.01766501547409886 -0.009659304947363395 0
1950 0.01726636841557787 -0.01035503202587294 0
1951 0.01794611828447188 0.009127633026781431 0
1952 0.006592036946627534 -0.01902363859838357 0
1953 0.007157280865529999 -0.01881825618184131 0
1954 0.01756792168224144 -0.00983469723691671 0
1955 0.01736858866583666 -0.01018257733164176 0
1956 0.006781121231580639 -0.01895702998856394 0
1957 0.006969541849167214 -0.01888856701069412 0
1958 0.01746910961015277 -0.01000912689872572 0
1959 0.01694982019830256 0.01086639289146231 0
1960 0.006021057027625037 0.01921251406026831 0
1961 0.007716325622598494 0.01859653507065675 0
1962 0.01785423283922084 0.00930581481691618 0
1963 0.01705708054943617 0.01069702132840973 0
1964 0.006212026410136668 0.0191515049852878 0
1965 0.007530736000462003 0.0186723494030491 0
1966 0.01776060187115595 0.009483084318037766 0
1967 0.01716267125338539 0.01052660507193304 0
1968 0.006402386293783048 0.01908862304894533 0
1969 0.007344411372977685 0.01874633648170081 0
1970 0.01766523430824913 0.009659424667847848 0
1971 0.01726658227523402 0.01035516035007258 0
1972 0.006592118566554907 0.0190238742512731 0
1973 0.007157369478607811 0.01881848927818029 0
1974 0.01756813923904147 0.009834819090187803 0
1975 0.01736880373585931 0.0101827034858963 0
1976 0.006781205174146967 0.0189572647651581 0
1977 0.006969628122279514 0.01888880093534777 0
1978 0.01746932591234758 0.01000925089623653 0
1979 0.01514999999999921 -8.333333333995078e-06 0
1980 0.02004133518410022 -3.250134537264559e-07 0
$EndNodes
$Elements
2638
1 2 2 1 1 10 1298 1979
2 2 2 1 1 1956 523 1957
3 2 2 1 1 523 524 1957
4 2 2 1 1 1297 10 1979
5 2 2 1 1 136 1976 1977
6 2 2 1 1 135 136 1977
7 2 2 1 1 1955 594 1958
8 2 2 1 1 1298 11 1979
9 2 2 1 1 594 595 1958
10 2 2 1 1 65 1975 1978
11 2 2 1 1 64 65 1978
12 2 2 1 1 1931 289 1938
13 2 2 1 1 1932 448 1939
14 2 2 1 1 1935 209 1940
15 2 2 1 1 1936 368 1941
16 2 2 1 1 450 1930 1939
17 2 2 1 1 291 1929 1938
18 2 2 1 1 211 1933 1940
19 2 2 1 1 370 1934 1941
20 2 2 1 1 448 449 1939
21 2 2 1 1 289 290 1938
22 2 2 1 1 209 210 1940
23 2 2 1 1 368 369 1941
24 2 2 1 1 449 450 1939
25 2 2 1 1 290 291 1938
26 2 2 1 1 210 211 1940
27 2 2 1 1 369 370 1941
28 2 2 1 1 596 1954 1958
29 2 2 1 1 595 596 1958
30 2 2 1 1 1974 63 1978
31 2 2 1 1 63 64 1978
32 2 2 1 1 525 1953 1957
33 2 2 1 1 524 525 1957
34 2 2 1 1 1973 134 1977
35 2 2 1 1 134 135 1977
36 2 2 1 1 1952 522 1956
37 2 2 1 1 522 523 1956
38 2 2 1 1 137 1972 1976
39 2 2 1 1 136 137 1976
40 2 2 1 1 1950 593 1955
41 2 2 1 1 1923 447 1932
42 2 2 1 1 1922 288 1931
43 2 2 1 1 1926 208 1935
44 2 2 1 1 1927 367 1936
45 2 2 1 1 451 1921 1930
46 2 2 1 1 292 1920 1929
47 2 2 1 1 212 1924 1933
48 2 2 1 1 371 1925 1934
49 2 2 1 1 593 594 1955
50 2 2 1 1 66 1971 1975
51 2 2 1 1 447 448 1932
52 2 2 1 1 288 289 1931
53 2 2 1 1 208 209 1935
54 2 2 1 1 367 368 1936
55 2 2 1 1 450 451 1930
56 2 2 1 1 291 292 1929
57 2 2 1 1 211 212 1933
58 2 2 1 1 370 371 1934
59 2 2 1 1 65 66 1975
60 2 2 1 1 597 1949 1954
61 2 2 1 1 596 597 1954
62 2 2 1 1 1970 62 1974
63 2 2 1 1 62 63 1974
64 2 2 1 1 526 1947 1953
65 2 2 1 1 525 526 1953
66 2 2 1 1 1969 133 1973
67 2 2 1 1 133 134 1973
68 2 2 1 1 1946 521 1952
69 2 2 1 1 521 522 1952
70 2 2 1 1 138 1968 1972
71 2 2 1 1 1910 287 1922
72 2 2 1 1 1911 446 1923
73 2 2 1 1 1914 207 1926
74 2 2 1 1 1915 366 1927
75 2 2 1 1 452 1909 1921
76 2 2 1 1 293 1908 1920
77 2 2 1 1 372 1913 1925
78 2 2 1 1 213 1912 1924
79 2 2 1 1 137 138 1972
80 2 2 1 1 287 288 1922
81 2 2 1 1 446 447 1923
82 2 2 1 1 207 208 1926
83 2 2 1 1 366 367 1927
84 2 2 1 1 451 452 1921
85 2 2 1 1 292 293 1920
86 2 2 1 1 212 213 1924
87 2 2 1 1 371 372 1925
88 2 2 1 1 1944 592 1950
89 2 2 1 1 592 593 1950
90 2 2 1 1 67 1967 1971
91 2 2 1 1 66 67 1971
92 2 2 1 1 598 1943 1949
93 2 2 1 1 597 598 1949
94 2 2 1 1 1966 61 1970
95 2 2 1 1 61 62 1970
96 2 2 1 1 527 1937 1947
97 2 2 1 1 526 527 1947
98 2 2 1 1 1965 132 1969
99 2 2 1 1 132 133 1969
100 2 2 1 1 1928 520 1946
101 2 2 1 1 1898 445 1911
102 2 2 1 1 1897 286 1910
103 2 2 1 1 1902 365 1915
104 2 2 1 1 1901 206 1914
105 2 2 1 1 294 1895 1908
106 2 2 1 1 453 1896 1909
107 2 2 1 1 214 1899 1912
108 2 2 1 1 373 1900 1913
109 2 2 1 1 520 521 1946
110 2 2 1 1 139 1964 1968
111 2 2 1 1 445 446 1911
112 2 2 1 1 286 287 1910
113 2 2 1 1 365 366 1915
114 2 2 1 1 206 207 1914
115 2 2 1 1 293 294 1908
116 2 2 1 1 452 453 1909
117 2 2 1 1 213 214 1912
118 2 2 1 1 372 373 1913
119 2 2 1 1 138 139 1968
120 2 2 1 1 1919 591 1944
121 2 2 1 1 591 592 1944
122 2 2 1 1 68 1963 1967
123 2 2 1 1 67 68 1967
124 2 2 1 1 599 1916 1943
125 2 2 1 1 598 599 1943
126 2 2 1 1 1962 60 1966
127 2 2 1 1 60 61 1966
128 2 2 1 1 528 1907 1937
129 2 2 1 1 527 528 1937
130 2 2 1 1 1961 131 1965
131 2 2 1 1 1886 444 1898
132 2 2 1 1 1885 285 1897
133 2 2 1 1 1890 364 1902
134 2 2 1 1 1889 205 1901
135 2 2 1 1 295 1883 1895
136 2 2 1 1 454 1884 1896
137 2 2 1 1 374 1888 1900
138 2 2 1 1 215 1887 1899
139 2 2 1 1 131 132 1965
140 2 2 1 1 1905 519 1928
141 2 2 1 1 444 445 1898
142 2 2 1 1 285 286 1897
143 2 2 1 1 364 365 1902
144 2 2 1 1 205 206 1901
145 2 2 1 1 294 295 1895
146 2 2 1 1 453 454 1896
147 2 2 1 1 373 374 1900
148 2 2 1 1 214 215 1899
149 2 2 1 1 519 520 1928
150 2 2 1 1 140 1960 1964
151 2 2 1 1 139 140 1964
152 2 2 1 1 1903 590 1919
153 2 2 1 1 590 591 1919
154 2 2 1 1 69 1959 1963
155 2 2 1 1 68 69 1963
156 2 2 1 1 600 1894 1916
157 2 2 1 1 1951 59 1962
158 2 2 1 1 599 600 1916
159 2 2 1 1 59 60 1962
160 2 2 1 1 529 1892 1907
161 2 2 1 1 1872 284 1885
162 2 2 1 1 1873 443 1886
163 2 2 1 1 455 1871 1884
164 2 2 1 1 296 1870 1883
165 2 2 1 1 1876 204 1889
166 2 2 1 1 1877 363 1890
167 2 2 1 1 375 1875 1888
168 2 2 1 1 216 1874 1887
169 2 2 1 1 1948 130 1961
170 2 2 1 1 528 529 1907
171 2 2 1 1 284 285 1885
172 2 2 1 1 443 444 1886
173 2 2 1 1 454 455 1884
174 2 2 1 1 295 296 1883
175 2 2 1 1 204 205 1889
176 2 2 1 1 363 364 1890
177 2 2 1 1 215 216 1887
178 2 2 1 1 374 375 1888
179 2 2 1 1 130 131 1961
180 2 2 1 1 1882 518 1905
181 2 2 1 1 141 1945 1960
182 2 2 1 1 518 519 1905
183 2 2 1 1 140 141 1960
184 2 2 1 1 1881 589 1903
185 2 2 1 1 70 1942 1959
186 2 2 1 1 589 590 1903
187 2 2 1 1 69 70 1959
188 2 2 1 1 601 1878 1894
189 2 2 1 1 1918 58 1951
190 2 2 1 1 600 601 1894
191 2 2 1 1 1859 283 1872
192 2 2 1 1 1860 442 1873
193 2 2 1 1 456 1858 1871
194 2 2 1 1 297 1857 1870
195 2 2 1 1 1864 362 1877
196 2 2 1 1 1863 203 1876
197 2 2 1 1 217 1861 1874
198 2 2 1 1 376 1862 1875
199 2 2 1 1 58 59 1951
200 2 2 1 1 530 1869 1892
201 2 2 1 1 283 284 1872
202 2 2 1 1 442 443 1873
203 2 2 1 1 455 456 1871
204 2 2 1 1 296 297 1870
205 2 2 1 1 203 204 1876
206 2 2 1 1 362 363 1877
207 2 2 1 1 216 217 1874
208 2 2 1 1 375 376 1875
209 2 2 1 1 11 1299 1979
210 2 2 1 1 1917 129 1948
211 2 2 1 1 529 530 1892
212 2 2 1 1 1867 517 1882
213 2 2 1 1 129 130 1948
214 2 2 1 1 142 1906 1945
215 2 2 1 1 517 518 1882
216 2 2 1 1 1866 588 1881
217 2 2 1 1 141 142 1945
218 2 2 1 1 71 1904 1942
219 2 2 1 1 588 589 1881
220 2 2 1 1 70 71 1942
221 2 2 1 1 602 1855 1878
222 2 2 1 1 1845 441 1860
223 2 2 1 1 1844 282 1859
224 2 2 1 1 298 1842 1857
225 2 2 1 1 457 1843 1858
226 2 2 1 1 1848 202 1863
227 2 2 1 1 1849 361 1864
228 2 2 1 1 377 1847 1862
229 2 2 1 1 218 1846 1861
230 2 2 1 1 1893 57 1918
231 2 2 1 1 601 602 1878
232 2 2 1 1 441 442 1860
233 2 2 1 1 282 283 1859
234 2 2 1 1 297 298 1857
235 2 2 1 1 456 457 1858
236 2 2 1 1 202 203 1863
237 2 2 1 1 361 362 1864
238 2 2 1 1 376 377 1862
239 2 2 1 1 217 218 1861
240 2 2 1 1 531 1853 1869
241 2 2 1 1 57 58 1918
242 2 2 1 1 1891 128 1917
243 2 2 1 1 530 531 1869
244 2 2 1 1 1852 516 1867
245 2 2 1 1 128 129 1917
246 2 2 1 1 143 1880 1906
247 2 2 1 1 516 517 1867
248 2 2 1 1 1850 587 1866
249 2 2 1 1 142 143 1906
250 2 2 1 1 72 1879 1904
251 2 2 1 1 587 588 1866
252 2 2 1 1 71 72 1904
253 2 2 1 1 1830 281 1844
254 2 2 1 1 1831 440 1845
255 2 2 1 1 458 1829 1843
256 2 2 1 1 299 1828 1842
257 2 2 1 1 1835 360 1849
258 2 2 1 1 1834 201 1848
259 2 2 1 1 378 1833 1847
260 2 2 1 1 219 1832 1846
261 2 2 1 1 603 1840 1855
262 2 2 1 1 281 282 1844
263 2 2 1 1 440 441 1845
264 2 2 1 1 457 458 1843
265 2 2 1 1 298 299 1842
266 2 2 1 1 360 361 1849
267 2 2 1 1 201 202 1848
268 2 2 1 1 377 378 1847
269 2 2 1 1 218 219 1846
270 2 2 1 1 1868 56 1893
271 2 2 1 1 602 603 1855
272 2 2 1 1 532 1838 1853
273 2 2 1 1 56 57 1893
274 2 2 1 1 1865 127 1891
275 2 2 1 1 531 532 1853
276 2 2 1 1 1836 515 1852
277 2 2 1 1 127 128 1891
278 2 2 1 1 144 1856 1880
279 2 2 1 1 515 516 1852
280 2 2 1 1 1827 586 1850
281 2 2 1 1 143 144 1880
282 2 2 1 1 73 1854 1879
283 2 2 1 1 1817 439 1831
284 2 2 1 1 1816 280 1830
285 2 2 1 1 300 1814 1828
286 2 2 1 1 459 1815 1829
287 2 2 1 1 1818 200 1834
288 2 2 1 1 1819 359 1835
289 2 2 1 1 220 1820 1832
290 2 2 1 1 379 1821 1833
291 2 2 1 1 586 587 1850
292 2 2 1 1 72 73 1879
293 2 2 1 1 439 440 1831
294 2 2 1 1 280 281 1830
295 2 2 1 1 299 300 1828
296 2 2 1 1 458 459 1829
297 2 2 1 1 200 201 1834
298 2 2 1 1 359 360 1835
299 2 2 1 1 378 379 1833
300 2 2 1 1 219 220 1832
301 2 2 1 1 604 1825 1840
302 2 2 1 1 1851 55 1868
303 2 2 1 1 603 604 1840
304 2 2 1 1 533 1823 1838
305 2 2 1 1 55 56 1868
306 2 2 1 1 1841 126 1865
307 2 2 1 1 532 533 1838
308 2 2 1 1 1813 514 1836
309 2 2 1 1 126 127 1865
310 2 2 1 1 145 1839 1856
311 2 2 1 1 514 515 1836
312 2 2 1 1 1811 585 1827
313 2 2 1 1 1801 438 1817
314 2 2 1 1 1800 279 1816
315 2 2 1 1 301 1802 1814
316 2 2 1 1 460 1803 1815
317 2 2 1 1 1806 199 1818
318 2 2 1 1 1807 358 1819
319 2 2 1 1 221 1804 1820
320 2 2 1 1 380 1805 1821
321 2 2 1 1 144 145 1856
322 2 2 1 1 74 1837 1854
323 2 2 1 1 585 586 1827
324 2 2 1 1 438 439 1817
325 2 2 1 1 279 280 1816
326 2 2 1 1 300 301 1814
327 2 2 1 1 459 460 1815
328 2 2 1 1 199 200 1818
329 2 2 1 1 358 359 1819
330 2 2 1 1 220 221 1820
331 2 2 1 1 379 380 1821
332 2 2 1 1 73 74 1854
333 2 2 1 1 605 1809 1825
334 2 2 1 1 1826 54 1851
335 2 2 1 1 604 605 1825
336 2 2 1 1 534 1799 1823
337 2 2 1 1 54 55 1851
338 2 2 1 1 1824 125 1841
339 2 2 1 1 533 534 1823
340 2 2 1 1 1797 513 1813
341 2 2 1 1 125 126 1841
342 2 2 1 1 146 1822 1839
343 2 2 1 1 1788 437 1801
344 2 2 1 1 1787 278 1800
345 2 2 1 1 302 1785 1802
346 2 2 1 1 461 1786 1803
347 2 2 1 1 222 1789 1804
348 2 2 1 1 381 1790 1805
349 2 2 1 1 1791 198 1806
350 2 2 1 1 1792 357 1807
351 2 2 1 1 1795 584 1811
352 2 2 1 1 513 514 1813
353 2 2 1 1 75 1812 1837
354 2 2 1 1 145 146 1839
355 2 2 1 1 437 438 1801
356 2 2 1 1 278 279 1800
357 2 2 1 1 301 302 1802
358 2 2 1 1 460 461 1803
359 2 2 1 1 198 199 1806
360 2 2 1 1 357 358 1807
361 2 2 1 1 221 222 1804
362 2 2 1 1 380 381 1805
363 2 2 1 1 584 585 1811
364 2 2 1 1 74 75 1837
365 2 2 1 1 606 1793 1809
366 2 2 1 1 1810 53 1826
367 2 2 1 1 535 1783 1799
368 2 2 1 1 605 606 1809
369 2 2 1 1 1808 124 1824
370 2 2 1 1 53 54 1826
371 2 2 1 1 1780 512 1797
372 2 2 1 1 534 535 1799
373 2 2 1 1 303 1769 1785
374 2 2 1 1 462 1770 1786
375 2 2 1 1 1772 436 1788
376 2 2 1 1 1771 277 1787
377 2 2 1 1 1775 197 1791
378 2 2 1 1 1776 356 1792
379 2 2 1 1 223 1773 1789
380 2 2 1 1 382 1774 1790
381 2 2 1 1 147 1798 1822
382 2 2 1 1 124 125 1824
383 2 2 1 1 1778 583 1795
384 2 2 1 1 512 513 1797
385 2 2 1 1 302 303 1785
386 2 2 1 1 461 462 1786
387 2 2 1 1 436 437 1788
388 2 2 1 1 277 278 1787
389 2 2 1 1 197 198 1791
390 2 2 1 1 356 357 1792
391 2 2 1 1 222 223 1789
392 2 2 1 1 381 382 1790
393 2 2 1 1 76 1796 1812
394 2 2 1 1 146 147 1822
395 2 2 1 1 583 584 1795
396 2 2 1 1 75 76 1812
397 2 2 1 1 607 1768 1793
398 2 2 1 1 1794 52 1810
399 2 2 1 1 536 1766 1783
400 2 2 1 1 606 607 1793
401 2 2 1 1 1781 123 1808
402 2 2 1 1 463 1755 1770
403 2 2 1 1 304 1754 1769
404 2 2 1 1 1757 435 1772
405 2 2 1 1 1756 276 1771
406 2 2 1 1 1758 196 1775
407 2 2 1 1 1759 355 1776
408 2 2 1 1 383 1761 1774
409 2 2 1 1 224 1760 1773
410 2 2 1 1 52 53 1810
411 2 2 1 1 1764 511 1780
412 2 2 1 1 535 536 1783
413 2 2 1 1 148 1779 1798
414 2 2 1 1 123 124 1808
415 2 2 1 1 462 463 1770
416 2 2 1 1 303 304 1769
417 2 2 1 1 435 436 1772
418 2 2 1 1 276 277 1771
419 2 2 1 1 196 197 1775
420 2 2 1 1 355 356 1776
421 2 2 1 1 223 224 1773
422 2 2 1 1 382 383 1774
423 2 2 1 1 1762 582 1778
424 2 2 1 1 511 512 1780
425 2 2 1 1 77 1777 1796
426 2 2 1 1 147 148 1798
427 2 2 1 1 582 583 1778
428 2 2 1 1 608 1752 1768
429 2 2 1 1 76 77 1796
430 2 2 1 1 1767 51 1794
431 2 2 1 1 537 1750 1766
432 2 2 1 1 305 1740 1754
433 2 2 1 1 464 1741 1755
434 2 2 1 1 1742 275 1756
435 2 2 1 1 1743 434 1757
436 2 2 1 1 1745 354 1759
437 2 2 1 1 1744 195 1758
438 2 2 1 1 225 1746 1760
439 2 2 1 1 384 1747 1761
440 2 2 1 1 607 608 1768
441 2 2 1 1 1765 122 1781
442 2 2 1 1 51 52 1794
443 2 2 1 1 1748 510 1764
444 2 2 1 1 536 537 1766
445 2 2 1 1 304 305 1754
446 2 2 1 1 463 464 1755
447 2 2 1 1 275 276 1756
448 2 2 1 1 434 435 1757
449 2 2 1 1 354 355 1759
450 2 2 1 1 195 196 1758
451 2 2 1 1 224 225 1760
452 2 2 1 1 383 384 1761
453 2 2 1 1 149 1763 1779
454 2 2 1 1 122 123 1781
455 2 2 1 1 1738 581 1762
456 2 2 1 1 510 511 1764
457 2 2 1 1 78 1753 1777
458 2 2 1 1 148 149 1779
459 2 2 1 1 581 582 1762
460 2 2 1 1 609 1736 1752
461 2 2 1 1 77 78 1777
462 2 2 1 1 1751 50 1767
463 2 2 1 1 465 1725 1741
464 2 2 1 1 306 1724 1740
465 2 2 1 1 1727 433 1743
466 2 2 1 1 1726 274 1742
467 2 2 1 1 1728 194 1744
468 2 2 1 1 1729 353 1745
469 2 2 1 1 385 1731 1747
470 2 2 1 1 226 1730 1746
471 2 2 1 1 538 1735 1750
472 2 2 1 1 608 609 1752
473 2 2 1 1 1749 121 1765
474 2 2 1 1 1733 509 1748
475 2 2 1 1 50 51 1767
476 2 2 1 1 464 465 1741
477 2 2 1 1 305 306 1740
478 2 2 1 1 433 434 1743
479 2 2 1 1 274 275 1742
480 2 2 1 1 194 195 1744
481 2 2 1 1 353 354 1745
482 2 2 1 1 384 385 1747
483 2 2 1 1 225 226 1746
484 2 2 1 1 537 538 1750
485 2 2 1 1 150 1739 1763
486 2 2 1 1 1723 580 1738
487 2 2 1 1 121 122 1765
488 2 2 1 1 509 510 1748
489 2 2 1 1 79 1737 1753
490 2 2 1 1 149 150 1763
491 2 2 1 1 580 581 1738
492 2 2 1 1 610 1720 1736
493 2 2 1 1 307 1710 1724
494 2 2 1 1 466 1711 1725
495 2 2 1 1 1712 273 1726
496 2 2 1 1 1713 432 1727
497 2 2 1 1 1714 193 1728
498 2 2 1 1 1715 352 1729
499 2 2 1 1 386 1717 1731
500 2 2 1 1 227 1716 1730
501 2 2 1 1 78 79 1753
502 2 2 1 1 1734 49 1751
503 2 2 1 1 539 1719 1735
504 2 2 1 1 1732 120 1749
505 2 2 1 1 609 610 1736
506 2 2 1 1 465 466 1725
507 2 2 1 1 306 307 1724
508 2 2 1 1 273 274 1726
509 2 2 1 1 432 433 1727
510 2 2 1 1 193 194 1728
511 2 2 1 1 352 353 1729
512 2 2 1 1 226 227 1730
513 2 2 1 1 385 386 1731
514 2 2 1 1 1709 508 1733
515 2 2 1 1 49 50 1751
516 2 2 1 1 151 1722 1739
517 2 2 1 1 538 539 1735
518 2 2 1 1 1707 579 1723
519 2 2 1 1 120 121 1749
520 2 2 1 1 80 1721 1737
521 2 2 1 1 508 509 1733
522 2 2 1 1 150 151 1739
523 2 2 1 1 467 1697 1711
524 2 2 1 1 308 1696 1710
525 2 2 1 1 1699 431 1713
526 2 2 1 1 1698 272 1712
527 2 2 1 1 1701 351 1715
528 2 2 1 1 1700 192 1714
529 2 2 1 1 228 1702 1716
530 2 2 1 1 387 1703 1717
531 2 2 1 1 611 1704 1720
532 2 2 1 1 579 580 1723
533 2 2 1 1 1718 48 1734
534 2 2 1 1 79 80 1737
535 2 2 1 1 540 1695 1719
536 2 2 1 1 466 467 1711
537 2 2 1 1 307 308 1710
538 2 2 1 1 431 432 1713
539 2 2 1 1 272 273 1712
540 2 2 1 1 351 352 1715
541 2 2 1 1 192 193 1714
542 2 2 1 1 227 228 1716
543 2 2 1 1 386 387 1717
544 2 2 1 1 1708 119 1732
545 2 2 1 1 610 611 1720
546 2 2 1 1 1693 507 1709
547 2 2 1 1 48 49 1734
548 2 2 1 1 152 1706 1722
549 2 2 1 1 539 540 1719
550 2 2 1 1 1691 578 1707
551 2 2 1 1 119 120 1732
552 2 2 1 1 81 1705 1721
553 2 2 1 1 507 508 1709
554 2 2 1 1 1682 271 1698
555 2 2 1 1 1683 430 1699
556 2 2 1 1 309 1680 1696
557 2 2 1 1 468 1681 1697
558 2 2 1 1 1686 191 1700
559 2 2 1 1 1687 350 1701
560 2 2 1 1 388 1685 1703
561 2 2 1 1 229 1684 1702
562 2 2 1 1 151 152 1722
563 2 2 1 1 612 1688 1704
564 2 2 1 1 578 579 1707
565 2 2 1 1 1694 47 1718
566 2 2 1 1 80 81 1721
567 2 2 1 1 430 431 1699
568 2 2 1 1 271 272 1698
569 2 2 1 1 467 468 1697
570 2 2 1 1 308 309 1696
571 2 2 1 1 191 192 1700
572 2 2 1 1 350 351 1701
573 2 2 1 1 387 388 1703
574 2 2 1 1 228 229 1702
575 2 2 1 1 541 1679 1695
576 2 2 1 1 1692 118 1708
577 2 2 1 1 611 612 1704
578 2 2 1 1 1677 506 1693
579 2 2 1 1 47 48 1718
580 2 2 1 1 153 1690 1706
581 2 2 1 1 540 541 1695
582 2 2 1 1 1675 577 1691
583 2 2 1 1 1667 429 1683
584 2 2 1 1 1666 270 1682
585 2 2 1 1 469 1669 1681
586 2 2 1 1 310 1668 1680
587 2 2 1 1 1672 190 1686
588 2 2 1 1 1673 349 1687
589 2 2 1 1 230 1670 1684
590 2 2 1 1 389 1671 1685
591 2 2 1 1 82 1689 1705
592 2 2 1 1 118 119 1708
593 2 2 1 1 506 507 1693
594 2 2 1 1 613 1665 1688
595 2 2 1 1 152 153 1706
596 2 2 1 1 577 578 1691
597 2 2 1 1 270 271 1682
598 2 2 1 1 429 430 1683
599 2 2 1 1 309 310 1680
600 2 2 1 1 468 469 1681
601 2 2 1 1 190 191 1686
602 2 2 1 1 349 350 1687
603 2 2 1 1 388 389 1685
604 2 2 1 1 229 230 1684
605 2 2 1 1 1678 46 1694
606 2 2 1 1 542 1663 1679
607 2 2 1 1 81 82 1705
608 2 2 1 1 1676 117 1692
609 2 2 1 1 1660 505 1677
610 2 2 1 1 612 613 1688
611 2 2 1 1 154 1674 1690
612 2 2 1 1 46 47 1694
613 2 2 1 1 1649 269 1666
614 2 2 1 1 1650 428 1667
615 2 2 1 1 311 1651 1668
616 2 2 1 1 470 1652 1669
617 2 2 1 1 1656 348 1673
618 2 2 1 1 1655 189 1672
619 2 2 1 1 390 1654 1671
620 2 2 1 1 231 1653 1670
621 2 2 1 1 1658 576 1675
622 2 2 1 1 541 542 1679
623 2 2 1 1 83 1664 1689
624 2 2 1 1 117 118 1692
625 2 2 1 1 505 506 1677
626 2 2 1 1 614 1647 1665
627 2 2 1 1 428 429 1667
628 2 2 1 1 269 270 1666
629 2 2 1 1 310 311 1668
630 2 2 1 1 469 470 1669
631 2 2 1 1 348 349 1673
632 2 2 1 1 189 190 1672
633 2 2 1 1 389 390 1671
634 2 2 1 1 230 231 1670
635 2 2 1 1 153 154 1690
636 2 2 1 1 576 577 1675
637 2 2 1 1 1661 45 1678
638 2 2 1 1 543 1645 1663
639 2 2 1 1 82 83 1689
640 2 2 1 1 1659 116 1676
641 2 2 1 1 1642 504 1660
642 2 2 1 1 613 614 1665
643 2 2 1 1 1635 427 1650
644 2 2 1 1 1634 268 1649
645 2 2 1 1 471 1633 1652
646 2 2 1 1 312 1632 1651
647 2 2 1 1 1639 347 1656
648 2 2 1 1 1638 188 1655
649 2 2 1 1 232 1636 1653
650 2 2 1 1 391 1637 1654
651 2 2 1 1 155 1648 1674
652 2 2 1 1 1641 575 1658
653 2 2 1 1 45 46 1678
654 2 2 1 1 542 543 1663
655 2 2 1 1 84 1646 1664
656 2 2 1 1 116 117 1676
657 2 2 1 1 504 505 1660
658 2 2 1 1 268 269 1649
659 2 2 1 1 427 428 1650
660 2 2 1 1 470 471 1652
661 2 2 1 1 311 312 1651
662 2 2 1 1 347 348 1656
663 2 2 1 1 188 189 1655
664 2 2 1 1 231 232 1653
665 2 2 1 1 390 391 1654
666 2 2 1 1 615 1629 1647
667 2 2 1 1 13 1644 1662
668 2 2 1 1 154 155 1674
669 2 2 1 1 1643 44 1661
670 2 2 1 1 575 576 1658
671 2 2 1 1 1631 646 1657
672 2 2 1 1 544 1627 1645
673 2 2 1 1 83 84 1664
674 2 2 1 1 1640 115 1659
675 2 2 1 1 1616 267 1634
676 2 2 1 1 1617 426 1635
677 2 2 1 1 472 1619 1633
678 2 2 1 1 313 1618 1632
679 2 2 1 1 1622 187 1638
680 2 2 1 1 1623 346 1639
681 2 2 1 1 392 1621 1637
682 2 2 1 1 233 1620 1636
683 2 2 1 1 1625 503 1642
684 2 2 1 1 614 615 1647
685 2 2 1 1 12 13 1662
686 2 2 1 1 156 1630 1648
687 2 2 1 1 646 647 1657
688 2 2 1 1 1615 574 1641
689 2 2 1 1 44 45 1661
690 2 2 1 1 543 544 1645
691 2 2 1 1 85 1628 1646
692 2 2 1 1 1613 645 1631
693 2 2 1 1 267 268 1634
694 2 2 1 1 426 427 1635
695 2 2 1 1 471 472 1633
696 2 2 1 1 312 313 1632
697 2 2 1 1 187 188 1638
698 2 2 1 1 346 347 1639
699 2 2 1 1 391 392 1637
700 2 2 1 1 232 233 1636
701 2 2 1 1 115 116 1659
702 2 2 1 1 503 504 1642
703 2 2 1 1 616 1611 1629
704 2 2 1 1 14 1626 1644
705 2 2 1 1 155 156 1648
706 2 2 1 1 1624 43 1643
707 2 2 1 1 574 575 1641
708 2 2 1 1 545 1609 1627
709 2 2 1 1 314 1601 1618
710 2 2 1 1 473 1602 1619
711 2 2 1 1 1600 425 1617
712 2 2 1 1 1599 266 1616
713 2 2 1 1 1605 186 1622
714 2 2 1 1 1606 345 1623
715 2 2 1 1 234 1603 1620
716 2 2 1 1 393 1604 1621
717 2 2 1 1 84 85 1646
718 2 2 1 1 1614 114 1640
719 2 2 1 1 1607 502 1625
720 2 2 1 1 645 646 1631
721 2 2 1 1 615 616 1629
722 2 2 1 1 157 1612 1630
723 2 2 1 1 13 14 1644
724 2 2 1 1 1597 573 1615
725 2 2 1 1 43 44 1643
726 2 2 1 1 86 1610 1628
727 2 2 1 1 544 545 1627
728 2 2 1 1 313 314 1618
729 2 2 1 1 472 473 1619
730 2 2 1 1 425 426 1617
731 2 2 1 1 266 267 1616
732 2 2 1 1 186 187 1622
733 2 2 1 1 345 346 1623
734 2 2 1 1 233 234 1620
735 2 2 1 1 392 393 1621
736 2 2 1 1 1595 644 1613
737 2 2 1 1 114 115 1640
738 2 2 1 1 617 1593 1611
739 2 2 1 1 15 1608 1626
740 2 2 1 1 502 503 1625
741 2 2 1 1 1598 42 1624
742 2 2 1 1 474 1584 1602
743 2 2 1 1 315 1583 1601
744 2 2 1 1 1585 265 1599
745 2 2 1 1 1586 424 1600
746 2 2 1 1 1590 344 1606
747 2 2 1 1 1589 185 1605
748 2 2 1 1 235 1587 1603
749 2 2 1 1 394 1588 1604
750 2 2 1 1 156 157 1630
751 2 2 1 1 546 1591 1609
752 2 2 1 1 573 574 1615
753 2 2 1 1 1596 113 1614
754 2 2 1 1 85 86 1628
755 2 2 1 1 1581 501 1607
756 2 2 1 1 644 645 1613
757 2 2 1 1 158 1594 1612
758 2 2 1 1 616 617 1611
759 2 2 1 1 1579 572 1597
760 2 2 1 1 14 15 1626
761 2 2 1 1 265 266 1599
762 2 2 1 1 424 425 1600
763 2 2 1 1 473 474 1602
764 2 2 1 1 314 315 1601
765 2 2 1 1 344 345 1606
766 2 2 1 1 185 186 1605
767 2 2 1 1 234 235 1603
768 2 2 1 1 393 394 1604
769 2 2 1 1 42 43 1624
770 2 2 1 1 87 1592 1610
771 2 2 1 1 1577 643 1595
772 2 2 1 1 545 546 1609
773 2 2 1 1 618 1575 1593
774 2 2 1 1 16 1582 1608
775 2 2 1 1 113 114 1614
776 2 2 1 1 501 502 1607
777 2 2 1 1 1569 423 1586
778 2 2 1 1 1568 264 1585
779 2 2 1 1 475 1567 1584
780 2 2 1 1 316 1566 1583
781 2 2 1 1 1573 343 1590
782 2 2 1 1 1572 184 1589
783 2 2 1 1 395 1571 1588
784 2 2 1 1 236 1570 1587
785 2 2 1 1 1580 41 1598
786 2 2 1 1 547 1565 1591
787 2 2 1 1 157 158 1612
788 2 2 1 1 572 573 1597
789 2 2 1 1 1578 112 1596
790 2 2 1 1 1563 500 1581
791 2 2 1 1 86 87 1610
792 2 2 1 1 643 644 1595
793 2 2 1 1 159 1576 1594
794 2 2 1 1 1561 571 1579
795 2 2 1 1 617 618 1593
796 2 2 1 1 474 475 1584
797 2 2 1 1 315 316 1583
798 2 2 1 1 423 424 1586
799 2 2 1 1 264 265 1585
800 2 2 1 1 184 185 1589
801 2 2 1 1 343 344 1590
802 2 2 1 1 394 395 1588
803 2 2 1 1 235 236 1587
804 2 2 1 1 15 16 1608
805 2 2 1 1 88 1574 1592
806 2 2 1 1 1559 642 1577
807 2 2 1 1 41 42 1598
808 2 2 1 1 546 547 1591
809 2 2 1 1 317 1549 1566
810 2 2 1 1 476 1550 1567
811 2 2 1 1 1552 422 1569
812 2 2 1 1 1551 263 1568
813 2 2 1 1 1555 183 1572
814 2 2 1 1 1556 342 1573
815 2 2 1 1 237 1553 1570
816 2 2 1 1 396 1554 1571
817 2 2 1 1 619 1557 1575
818 2 2 1 1 17 1564 1582
819 2 2 1 1 112 113 1596
820 2 2 1 1 500 501 1581
821 2 2 1 1 1562 40 1580
822 2 2 1 1 548 1547 1565
823 2 2 1 1 158 159 1594
824 2 2 1 1 571 572 1579
825 2 2 1 1 1560 111 1578
826 2 2 1 1 1545 499 1563
827 2 2 1 1 87 88 1592
828 2 2 1 1 642 643 1577
829 2 2 1 1 160 1558 1576
830 2 2 1 1 316 317 1566
831 2 2 1 1 475 476 1567
832 2 2 1 1 422 423 1569
833 2 2 1 1 263 264 1568
834 2 2 1 1 183 184 1572
835 2 2 1 1 342 343 1573
836 2 2 1 1 236 237 1570
837 2 2 1 1 395 396 1571
838 2 2 1 1 1543 570 1561
839 2 2 1 1 618 619 1575
840 2 2 1 1 16 17 1582
841 2 2 1 1 89 1548 1574
842 2 2 1 1 1541 641 1559
843 2 2 1 1 1536 421 1552
844 2 2 1 1 1535 262 1551
845 2 2 1 1 477 1534 1550
846 2 2 1 1 318 1533 1549
847 2 2 1 1 1540 341 1556
848 2 2 1 1 1539 182 1555
849 2 2 1 1 397 1538 1554
850 2 2 1 1 238 1537 1553
851 2 2 1 1 40 41 1580
852 2 2 1 1 547 548 1565
853 2 2 1 1 620 1531 1557
854 2 2 1 1 18 1546 1564
855 2 2 1 1 111 112 1578
856 2 2 1 1 1544 39 1562
857 2 2 1 1 499 500 1563
858 2 2 1 1 549 1529 1547
859 2 2 1 1 159 160 1576
860 2 2 1 1 1542 110 1560
861 2 2 1 1 570 571 1561
862 2 2 1 1 1527 498 1545
863 2 2 1 1 317 318 1549
864 2 2 1 1 476 477 1550
865 2 2 1 1 421 422 1552
866 2 2 1 1 262 263 1551
867 2 2 1 1 341 342 1556
868 2 2 1 1 182 183 1555
869 2 2 1 1 396 397 1554
870 2 2 1 1 237 238 1553
871 2 2 1 1 88 89 1574
872 2 2 1 1 161 1532 1558
873 2 2 1 1 1525 569 1543
874 2 2 1 1 641 642 1559
875 2 2 1 1 319 1516 1533
876 2 2 1 1 478 1517 1534
877 2 2 1 1 1520 261 1535
878 2 2 1 1 1521 420 1536
879 2 2 1 1 1522 181 1539
880 2 2 1 1 1523 340 1540
881 2 2 1 1 239 1518 1537
882 2 2 1 1 398 1519 1538
883 2 2 1 1 619 620 1557
884 2 2 1 1 90 1530 1548
885 2 2 1 1 17 18 1564
886 2 2 1 1 1515 640 1541
887 2 2 1 1 621 1514 1531
888 2 2 1 1 39 40 1562
889 2 2 1 1 548 549 1547
890 2 2 1 1 19 1528 1546
891 2 2 1 1 1526 38 1544
892 2 2 1 1 550 1512 1529
893 2 2 1 1 110 111 1560
894 2 2 1 1 498 499 1545
895 2 2 1 1 1524 109 1542
896 2 2 1 1 1510 497 1527
897 2 2 1 1 160 161 1558
898 2 2 1 1 569 570 1543
899 2 2 1 1 261 262 1535
900 2 2 1 1 420 421 1536
901 2 2 1 1 477 478 1534
902 2 2 1 1 318 319 1533
903 2 2 1 1 181 182 1539
904 2 2 1 1 340 341 1540
905 2 2 1 1 238 239 1537
906 2 2 1 1 397 398 1538
907 2 2 1 1 162 1513 1532
908 2 2 1 1 1507 568 1525
909 2 2 1 1 479 1500 1517
910 2 2 1 1 320 1499 1516
911 2 2 1 1 1503 260 1520
912 2 2 1 1 1504 419 1521
913 2 2 1 1 1506 339 1523
914 2 2 1 1 1505 180 1522
915 2 2 1 1 399 1502 1519
916 2 2 1 1 240 1501 1518
917 2 2 1 1 89 90 1548
918 2 2 1 1 640 641 1541
919 2 2 1 1 91 1511 1530
920 2 2 1 1 1497 639 1515
921 2 2 1 1 620 621 1531
922 2 2 1 1 18 19 1546
923 2 2 1 1 622 1496 1514
924 2 2 1 1 20 1509 1528
925 2 2 1 1 38 39 1544
926 2 2 1 1 549 550 1529
927 2 2 1 1 1508 37 1526
928 2 2 1 1 551 1494 1512
929 2 2 1 1 109 110 1542
930 2 2 1 1 497 498 1527
931 2 2 1 1 1498 108 1524
932 2 2 1 1 1492 496 1510
933 2 2 1 1 478 479 1517
934 2 2 1 1 319 320 1516
935 2 2 1 1 419 420 1521
936 2 2 1 1 260 261 1520
937 2 2 1 1 180 181 1522
938 2 2 1 1 339 340 1523
939 2 2 1 1 239 240 1518
940 2 2 1 1 398 399 1519
941 2 2 1 1 161 162 1532
942 2 2 1 1 568 569 1525
943 2 2 1 1 321 1483 1499
944 2 2 1 1 480 1484 1500
945 2 2 1 1 1488 418 1504
946 2 2 1 1 1487 259 1503
947 2 2 1 1 1489 179 1505
948 2 2 1 1 1490 338 1506
949 2 2 1 1 241 1485 1501
950 2 2 1 1 400 1486 1502
951 2 2 1 1 163 1495 1513
952 2 2 1 1 1481 567 1507
953 2 2 1 1 90 91 1530
954 2 2 1 1 639 640 1515
955 2 2 1 1 92 1493 1511
956 2 2 1 1 1479 638 1497
957 2 2 1 1 621 622 1514
958 2 2 1 1 19 20 1528
959 2 2 1 1 623 1478 1496
960 2 2 1 1 21 1491 1509
961 2 2 1 1 37 38 1526
962 2 2 1 1 550 551 1512
963 2 2 1 1 1482 36 1508
964 2 2 1 1 552 1476 1494
965 2 2 1 1 108 109 1524
966 2 2 1 1 496 497 1510
967 2 2 1 1 418 419 1504
968 2 2 1 1 259 260 1503
969 2 2 1 1 320 321 1499
970 2 2 1 1 479 480 1500
971 2 2 1 1 179 180 1505
972 2 2 1 1 338 339 1506
973 2 2 1 1 240 241 1501
974 2 2 1 1 399 400 1502
975 2 2 1 1 1474 495 1492
976 2 2 1 1 1480 107 1498
977 2 2 1 1 1470 417 1488
978 2 2 1 1 1469 258 1487
979 2 2 1 1 481 1466 1484
980 2 2 1 1 322 1465 1483
981 2 2 1 1 1471 178 1489
982 2 2 1 1 1472 337 1490
983 2 2 1 1 401 1468 1486
984 2 2 1 1 242 1467 1485
985 2 2 1 1 162 163 1513
986 2 2 1 1 567 568 1507
987 2 2 1 1 1463 566 1481
988 2 2 1 1 164 1477 1495
989 2 2 1 1 1461 637 1479
990 2 2 1 1 91 92 1511
991 2 2 1 1 93 1475 1493
992 2 2 1 1 638 639 1497
993 2 2 1 1 624 1460 1478
994 2 2 1 1 622 623 1496
995 2 2 1 1 22 1473 1491
996 2 2 1 1 20 21 1509
997 2 2 1 1 553 1458 1476
998 2 2 1 1 1464 35 1482
999 2 2 1 1 36 37 1508
1000 2 2 1 1 551 552 1494
1001 2 2 1 1 1453 257 1469
1002 2 2 1 1 1454 416 1470
1003 2 2 1 1 323 1449 1465
1004 2 2 1 1 482 1450 1466
1005 2 2 1 1 1456 336 1472
1006 2 2 1 1 1455 177 1471
1007 2 2 1 1 243 1451 1467
1008 2 2 1 1 402 1452 1468
1009 2 2 1 1 258 259 1487
1010 2 2 1 1 417 418 1488
1011 2 2 1 1 480 481 1484
1012 2 2 1 1 321 322 1483
1013 2 2 1 1 178 179 1489
1014 2 2 1 1 337 338 1490
1015 2 2 1 1 400 401 1486
1016 2 2 1 1 241 242 1485
1017 2 2 1 1 1448 494 1474
1018 2 2 1 1 1462 106 1480
1019 2 2 1 1 107 108 1498
1020 2 2 1 1 495 496 1492
1021 2 2 1 1 1445 565 1463
1022 2 2 1 1 165 1459 1477
1023 2 2 1 1 163 164 1495
1024 2 2 1 1 566 567 1481
1025 2 2 1 1 1443 636 1461
1026 2 2 1 1 94 1457 1475
1027 2 2 1 1 637 638 1479
1028 2 2 1 1 92 93 1493
1029 2 2 1 1 625 1442 1460
1030 2 2 1 1 23 1447 1473
1031 2 2 1 1 623 624 1478
1032 2 2 1 1 21 22 1491
1033 2 2 1 1 554 1440 1458
1034 2 2 1 1 1446 34 1464
1035 2 2 1 1 1435 415 1454
1036 2 2 1 1 1434 256 1453
1037 2 2 1 1 324 1432 1449
1038 2 2 1 1 483 1433 1450
1039 2 2 1 1 1436 176 1455
1040 2 2 1 1 1437 335 1456
1041 2 2 1 1 403 1439 1452
1042 2 2 1 1 244 1438 1451
1043 2 2 1 1 552 553 1476
1044 2 2 1 1 35 36 1482
1045 2 2 1 1 257 258 1469
1046 2 2 1 1 416 417 1470
1047 2 2 1 1 322 323 1465
1048 2 2 1 1 481 482 1466
1049 2 2 1 1 177 178 1471
1050 2 2 1 1 336 337 1472
1051 2 2 1 1 242 243 1467
1052 2 2 1 1 401 402 1468
1053 2 2 1 1 1430 493 1448
1054 2 2 1 1 1444 105 1462
1055 2 2 1 1 494 495 1474
1056 2 2 1 1 106 107 1480
1057 2 2 1 1 1428 564 1445
1058 2 2 1 1 166 1441 1459
1059 2 2 1 1 565 566 1463
1060 2 2 1 1 164 165 1477
1061 2 2 1 1 1426 635 1443
1062 2 2 1 1 95 1431 1457
1063 2 2 1 1 626 1424 1442
1064 2 2 1 1 636 637 1461
1065 2 2 1 1 93 94 1475
1066 2 2 1 1 24 1429 1447
1067 2 2 1 1 1417 255 1434
1068 2 2 1 1 1418 414 1435
1069 2 2 1 1 325 1415 1432
1070 2 2 1 1 484 1416 1433
1071 2 2 1 1 245 1419 1438
1072 2 2 1 1 404 1420 1439
1073 2 2 1 1 1422 334 1437
1074 2 2 1 1 1421 175 1436
1075 2 2 1 1 624 625 1460
1076 2 2 1 1 555 1414 1440
1077 2 2 1 1 1427 33 1446
1078 2 2 1 1 22 23 1473
1079 2 2 1 1 415 416 1454
1080 2 2 1 1 256 257 1453
1081 2 2 1 1 482 483 1450
1082 2 2 1 1 323 324 1449
1083 2 2 1 1 402 403 1452
1084 2 2 1 1 243 244 1451
1085 2 2 1 1 335 336 1456
1086 2 2 1 1 176 177 1455
1087 2 2 1 1 1412 492 1430
1088 2 2 1 1 553 554 1458
1089 2 2 1 1 34 35 1464
1090 2 2 1 1 1425 104 1444
1091 2 2 1 1 1410 563 1428
1092 2 2 1 1 493 494 1448
1093 2 2 1 1 167 1423 1441
1094 2 2 1 1 105 106 1462
1095 2 2 1 1 1408 634 1426
1096 2 2 1 1 96 1413 1431
1097 2 2 1 1 564 565 1445
1098 2 2 1 1 165 166 1459
1099 2 2 1 1 627 1406 1424
1100 2 2 1 1 1402 254 1417
1101 2 2 1 1 1403 413 1418
1102 2 2 1 1 485 1399 1416
1103 2 2 1 1 326 1398 1415
1104 2 2 1 1 405 1401 1420
1105 2 2 1 1 246 1400 1419
1106 2 2 1 1 1404 174 1421
1107 2 2 1 1 1405 333 1422
1108 2 2 1 1 25 1411 1429
1109 2 2 1 1 635 636 1443
1110 2 2 1 1 94 95 1457
1111 2 2 1 1 556 1396 1414
1112 2 2 1 1 1409 32 1427
1113 2 2 1 1 255 256 1434
1114 2 2 1 1 414 415 1435
1115 2 2 1 1 324 325 1432
1116 2 2 1 1 483 484 1433
1117 2 2 1 1 334 335 1437
1118 2 2 1 1 175 176 1436
1119 2 2 1 1 244 245 1438
1120 2 2 1 1 403 404 1439
1121 2 2 1 1 625 626 1442
1122 2 2 1 1 23 24 1447
1123 2 2 1 1 1394 491 1412
1124 2 2 1 1 1407 103 1425
1125 2 2 1 1 554 555 1440
1126 2 2 1 1 33 34 1446
1127 2 2 1 1 1392 562 1410
1128 2 2 1 1 168 1397 1423
1129 2 2 1 1 492 493 1430
1130 2 2 1 1 104 105 1444
1131 2 2 1 1 1390 633 1408
1132 2 2 1 1 97 1395 1413
1133 2 2 1 1 1386 412 1403
1134 2 2 1 1 1385 253 1402
1135 2 2 1 1 327 1381 1398
1136 2 2 1 1 486 1382 1399
1137 2 2 1 1 247 1383 1400
1138 2 2 1 1 406 1384 1401
1139 2 2 1 1 1388 332 1405
1140 2 2 1 1 1387 173 1404
1141 2 2 1 1 628 1380 1406
1142 2 2 1 1 563 564 1428
1143 2 2 1 1 166 167 1441
1144 2 2 1 1 26 1393 1411
1145 2 2 1 1 557 1378 1396
1146 2 2 1 1 634 635 1426
1147 2 2 1 1 1391 31 1409
1148 2 2 1 1 95 96 1431
1149 2 2 1 1 254 255 1417
1150 2 2 1 1 413 414 1418
1151 2 2 1 1 325 326 1415
1152 2 2 1 1 484 485 1416
1153 2 2 1 1 404 405 1420
1154 2 2 1 1 245 246 1419
1155 2 2 1 1 174 175 1421
1156 2 2 1 1 333 334 1422
1157 2 2 1 1 626 627 1424
1158 2 2 1 1 1376 490 1394
1159 2 2 1 1 1389 102 1407
1160 2 2 1 1 24 25 1429
1161 2 2 1 1 1374 561 1392
1162 2 2 1 1 555 556 1414
1163 2 2 1 1 32 33 1427
1164 2 2 1 1 169 1379 1397
1165 2 2 1 1 1364 632 1390
1166 2 2 1 1 1367 252 1385
1167 2 2 1 1 1368 411 1386
1168 2 2 1 1 487 1366 1382
1169 2 2 1 1 328 1365 1381
1170 2 2 1 1 1371 172 1387
1171 2 2 1 1 1372 331 1388
1172 2 2 1 1 407 1370 1384
1173 2 2 1 1 248 1369 1383
1174 2 2 1 1 491 492 1412
1175 2 2 1 1 98 1377 1395
1176 2 2 1 1 103 104 1425
1177 2 2 1 1 629 1362 1380
1178 2 2 1 1 170 1336 1379
1179 2 2 1 1 27 1375 1393
1180 2 2 1 1 562 563 1410
1181 2 2 1 1 167 168 1423
1182 2 2 1 1 558 1361 1378
1183 2 2 1 1 412 413 1403
1184 2 2 1 1 253 254 1402
1185 2 2 1 1 326 327 1398
1186 2 2 1 1 485 486 1399
1187 2 2 1 1 332 333 1405
1188 2 2 1 1 173 174 1404
1189 2 2 1 1 246 247 1400
1190 2 2 1 1 405 406 1401
1191 2 2 1 1 1373 30 1391
1192 2 2 1 1 1334 489 1376
1193 2 2 1 1 633 634 1408
1194 2 2 1 1 96 97 1413
1195 2 2 1 1 1363 101 1389
1196 2 2 1 1 627 628 1406
1197 2 2 1 1 1333 560 1374
1198 2 2 1 1 25 26 1411
1199 2 2 1 1 1331 410 1368
1200 2 2 1 1 1330 251 1367
1201 2 2 1 1 329 1325 1365
1202 2 2 1 1 488 1326 1366
1203 2 2 1 1 1329 330 1372
1204 2 2 1 1 408 1328 1370
1205 2 2 1 1 249 1327 1369
1206 2 2 1 1 1332 171 1371
1207 2 2 1 1 556 557 1396
1208 2 2 1 1 31 32 1409
1209 2 2 1 1 1324 631 1364
1210 2 2 1 1 99 1337 1377
1211 2 2 1 1 630 1324 1362
1212 2 2 1 1 559 1333 1361
1213 2 2 1 1 1326 4 1334
1214 2 2 1 1 490 491 1394
1215 2 2 1 1 102 103 1407
1216 2 2 1 1 28 1335 1375
1217 2 2 1 1 1335 29 1373
1218 2 2 1 1 1325 3 1329
1219 2 2 1 1 1327 250 1330
1220 2 2 1 1 1328 409 1331
1221 2 2 1 1 1337 100 1363
1222 2 2 1 1 561 562 1392
1223 2 2 1 1 252 253 1385
1224 2 2 1 1 411 412 1386
1225 2 2 1 1 486 487 1382
1226 2 2 1 1 327 328 1381
1227 2 2 1 1 406 407 1384
1228 2 2 1 1 247 248 1383
1229 2 2 1 1 331 332 1388
1230 2 2 1 1 172 173 1387
1231 2 2 1 1 168 169 1397
1232 2 2 1 1 632 633 1390
1233 2 2 1 1 97 98 1395
1234 2 2 1 1 2 1332 1336
1235 2 2 1 1 628 629 1380
1236 2 2 1 1 26 27 1393
1237 2 2 1 1 557 558 1378
1238 2 2 1 1 30 31 1391
1239 2 2 1 1 489 490 1376
1240 2 2 1 1 101 102 1389
1241 2 2 1 1 410 411 1368
1242 2 2 1 1 251 252 1367
1243 2 2 1 1 487 488 1366
1244 2 2 1 1 328 329 1365
1245 2 2 1 1 171 172 1371
1246 2 2 1 1 330 331 1372
1247 2 2 1 1 407 408 1370
1248 2 2 1 1 248 249 1369
1249 2 2 1 1 560 561 1374
1250 2 2 1 1 169 170 1379
1251 2 2 1 1 9 1326 1334
1252 2 2 1 1 631 632 1364
1253 2 2 1 1 8 1325 1329
1254 2 2 1 1 882 1327 1330
1255 2 2 1 1 1039 1328 1331
1256 2 2 1 1 98 99 1377
1257 2 2 1 1 629 630 1362
1258 2 2 1 1 1324 1257 1362
1259 2 2 1 1 1333 1187 1361
1260 2 2 1 1 1258 1324 1364
1261 2 2 1 1 27 28 1375
1262 2 2 1 1 1332 7 1336
1263 2 2 1 1 1336 803 1379
1264 2 2 1 1 558 559 1361
1265 2 2 1 1 29 30 1373
1266 2 2 1 1 1188 1333 1374
1267 2 2 1 1 4 489 1334
1268 2 2 1 1 1325 960 1365
1269 2 2 1 1 1326 1117 1366
1270 2 2 1 1 1328 1038 1370
1271 2 2 1 1 1327 881 1369
1272 2 2 1 1 883 1330 1367
1273 2 2 1 1 1040 1331 1368
1274 2 2 1 1 961 1329 1372
1275 2 2 1 1 804 1332 1371
1276 2 2 1 1 664 1335 1373
1277 2 2 1 1 734 1337 1363
1278 2 2 1 1 1335 663 1375
1279 2 2 1 1 1118 1334 1376
1280 2 2 1 1 3 330 1329
1281 2 2 1 1 409 410 1331
1282 2 2 1 1 250 251 1330
1283 2 2 1 1 488 4 1326
1284 2 2 1 1 329 3 1325
1285 2 2 1 1 249 250 1327
1286 2 2 1 1 408 409 1328
1287 2 2 1 1 2 171 1332
1288 2 2 1 1 100 101 1363
1289 2 2 1 1 1337 733 1377
1290 2 2 1 1 170 2 1336
1291 2 2 1 1 559 560 1333
1292 2 2 1 1 1322 6 1323
1293 2 2 1 1 5 1274 1323
1294 2 2 1 1 1361 1186 1378
1295 2 2 1 1 630 631 1324
1296 2 2 1 1 1362 1256 1380
1297 2 2 1 1 1258 1257 1324
1298 2 2 1 1 99 100 1337
1299 2 2 1 1 735 1363 1389
1300 2 2 1 1 1118 9 1334
1301 2 2 1 1 7 803 1336
1302 2 2 1 1 1259 1364 1390
1303 2 2 1 1 1039 1038 1328
1304 2 2 1 1 882 881 1327
1305 2 2 1 1 961 8 1329
1306 2 2 1 1 8 960 1325
1307 2 2 1 1 9 1117 1326
1308 2 2 1 1 883 882 1330
1309 2 2 1 1 1040 1039 1331
1310 2 2 1 1 804 7 1332
1311 2 2 1 1 1188 1187 1333
1312 2 2 1 1 28 29 1335
1313 2 2 1 1 1366 1116 1382
1314 2 2 1 1 1365 959 1381
1315 2 2 1 1 884 1367 1385
1316 2 2 1 1 1041 1368 1386
1317 2 2 1 1 1369 880 1383
1318 2 2 1 1 1370 1037 1384
1319 2 2 1 1 805 1371 1387
1320 2 2 1 1 962 1372 1388
1321 2 2 1 1 665 1373 1391
1322 2 2 1 1 1323 1274 1340
1323 2 2 1 1 1322 1323 1340
1324 2 2 1 1 664 663 1335
1325 2 2 1 1 1189 1374 1392
1326 2 2 1 1 1375 662 1393
1327 2 2 1 1 1119 1376 1394
1328 2 2 1 1 734 733 1337
1329 2 2 1 1 1284 1358 1359
1330 2 2 1 1 1358 1312 1359
1331 2 2 1 1 1316 1317 1351
1332 2 2 1 1 1359 1313 1360
1333 2 2 1 1 1284 1285 1358
1334 2 2 1 1 1313 1314 1360
1335 2 2 1 1 1314 1315 1357
1336 2 2 1 1 1343 1300 1347
1337 2 2 1 1 1285 1286 1355
1338 2 2 1 1 1290 1291 1345
1339 2 2 1 1 1312 1313 1359
1340 2 2 1 1 1321 1322 1340
1341 2 2 1 1 1315 1316 1356
1342 2 2 1 1 1315 1356 1357
1343 2 2 1 1 1287 1288 1354
1344 2 2 1 1 1353 1287 1354
1345 2 2 1 1 1286 1287 1353
1346 2 2 1 1 1314 1357 1360
1347 2 2 1 1 1341 1320 1348
1348 2 2 1 1 1296 1343 1347
1349 2 2 1 1 1286 1353 1355
1350 2 2 1 1 1285 1355 1358
1351 2 2 1 1 1288 1289 1352
1352 2 2 1 1 1316 1351 1356
1353 2 2 1 1 1292 1293 1342
1354 2 2 1 1 1289 1290 1350
1355 2 2 1 1 1319 1320 1341
1356 2 2 1 1 1288 1352 1354
1357 2 2 1 1 1318 1319 1346
1358 2 2 1 1 1293 1294 1338
1359 2 2 1 1 1289 1350 1352
1360 2 2 1 1 1317 1318 1349
1361 2 2 1 1 1290 1345 1350
1362 2 2 1 1 1291 1292 1344
1363 2 2 1 1 1317 1349 1351
1364 2 2 1 1 1301 1302 1339
1365 2 2 1 1 1321 1340 1348
1366 2 2 1 1 1300 1301 1347
1367 2 2 1 1 1291 1344 1345
1368 2 2 1 1 1320 1321 1348
1369 2 2 1 1 1292 1342 1344
1370 2 2 1 1 1338 1294 1339
1371 2 2 1 1 1319 1341 1346
1372 2 2 1 1 1302 1303 1338
1373 2 2 1 1 1318 1346 1349
1374 2 2 1 1 1276 1277 1341
1375 2 2 1 1 1294 1295 1339
1376 2 2 1 1 1296 1297 1343
1377 2 2 1 1 1302 1338 1339
1378 2 2 1 1 1341 1277 1346
1379 2 2 1 1 1338 1303 1342
1380 2 2 1 1 1274 1275 1340
1381 2 2 1 1 1304 1305 1344
1382 2 2 1 1 1339 1295 1347
1383 2 2 1 1 1342 1304 1344
1384 2 2 1 1 1295 1296 1347
1385 2 2 1 1 1276 1341 1348
1386 2 2 1 1 1340 1275 1348
1387 2 2 1 1 1293 1338 1342
1388 2 2 1 1 1303 1304 1342
1389 2 2 1 1 1275 1276 1348
1390 2 2 1 1 1299 1300 1343
1391 2 2 1 1 1344 1305 1345
1392 2 2 1 1 1277 1278 1346
1393 2 2 1 1 1305 1306 1345
1394 2 2 1 1 1301 1339 1347
1395 2 2 1 1 1308 1309 1354
1396 2 2 1 1 1306 1307 1350
1397 2 2 1 1 1345 1306 1350
1398 2 2 1 1 1278 1279 1349
1399 2 2 1 1 1346 1278 1349
1400 2 2 1 1 1279 1280 1351
1401 2 2 1 1 1349 1279 1351
1402 2 2 1 1 1309 1353 1354
1403 2 2 1 1 1311 1312 1358
1404 2 2 1 1 1309 1310 1353
1405 2 2 1 1 1352 1308 1354
1406 2 2 1 1 1282 1283 1360
1407 2 2 1 1 1350 1307 1352
1408 2 2 1 1 1353 1310 1355
1409 2 2 1 1 1307 1308 1352
1410 2 2 1 1 1310 1311 1355
1411 2 2 1 1 1351 1280 1356
1412 2 2 1 1 1355 1311 1358
1413 2 2 1 1 1357 1282 1360
1414 2 2 1 1 1283 1359 1360
1415 2 2 1 1 1281 1282 1357
1416 2 2 1 1 1280 1281 1356
1417 2 2 1 1 1356 1281 1357
1418 2 2 1 1 1283 1284 1359
1419 2 2 1 1 1377 732 1395
1420 2 2 1 1 1187 1186 1361
1421 2 2 1 1 1378 1185 1396
1422 2 2 1 1 1379 802 1397
1423 2 2 1 1 1257 1256 1362
1424 2 2 1 1 1380 1255 1406
1425 2 2 1 1 735 734 1363
1426 2 2 1 1 1259 1258 1364
1427 2 2 1 1 736 1389 1407
1428 2 2 1 1 960 959 1365
1429 2 2 1 1 1117 1116 1366
1430 2 2 1 1 884 883 1367
1431 2 2 1 1 1041 1040 1368
1432 2 2 1 1 881 880 1369
1433 2 2 1 1 1038 1037 1370
1434 2 2 1 1 962 961 1372
1435 2 2 1 1 805 804 1371
1436 2 2 1 1 1260 1390 1408
1437 2 2 1 1 1381 958 1398
1438 2 2 1 1 1382 1115 1399
1439 2 2 1 1 1383 879 1400
1440 2 2 1 1 1384 1036 1401
1441 2 2 1 1 1042 1386 1403
1442 2 2 1 1 885 1385 1402
1443 2 2 1 1 806 1387 1404
1444 2 2 1 1 963 1388 1405
1445 2 2 1 1 665 664 1373
1446 2 2 1 1 1189 1188 1374
1447 2 2 1 1 666 1391 1409
1448 2 2 1 1 1190 1392 1410
1449 2 2 1 1 663 662 1375
1450 2 2 1 1 1393 661 1411
1451 2 2 1 1 1119 1118 1376
1452 2 2 1 1 1120 1394 1412
1453 2 2 1 1 733 732 1377
1454 2 2 1 1 1395 731 1413
1455 2 2 1 1 1186 1185 1378
1456 2 2 1 1 1396 1184 1414
1457 2 2 1 1 803 802 1379
1458 2 2 1 1 1397 801 1423
1459 2 2 1 1 1256 1255 1380
1460 2 2 1 1 1406 1254 1424
1461 2 2 1 1 1399 1114 1416
1462 2 2 1 1 1398 957 1415
1463 2 2 1 1 1401 1035 1420
1464 2 2 1 1 1400 878 1419
1465 2 2 1 1 886 1402 1417
1466 2 2 1 1 1043 1403 1418
1467 2 2 1 1 807 1404 1421
1468 2 2 1 1 964 1405 1422
1469 2 2 1 1 959 958 1381
1470 2 2 1 1 1116 1115 1382
1471 2 2 1 1 880 879 1383
1472 2 2 1 1 1037 1036 1384
1473 2 2 1 1 1042 1041 1386
1474 2 2 1 1 885 884 1385
1475 2 2 1 1 806 805 1387
1476 2 2 1 1 963 962 1388
1477 2 2 1 1 736 735 1389
1478 2 2 1 1 737 1407 1425
1479 2 2 1 1 1261 1408 1426
1480 2 2 1 1 1260 1259 1390
1481 2 2 1 1 667 1409 1427
1482 2 2 1 1 666 665 1391
1483 2 2 1 1 1191 1410 1428
1484 2 2 1 1 1190 1189 1392
1485 2 2 1 1 1411 660 1429
1486 2 2 1 1 662 661 1393
1487 2 2 1 1 1121 1412 1430
1488 2 2 1 1 1120 1119 1394
1489 2 2 1 1 1413 730 1431
1490 2 2 1 1 732 731 1395
1491 2 2 1 1 1414 1183 1440
1492 2 2 1 1 1185 1184 1396
1493 2 2 1 1 1423 800 1441
1494 2 2 1 1 1416 1113 1433
1495 2 2 1 1 1415 956 1432
1496 2 2 1 1 887 1417 1434
1497 2 2 1 1 1044 1418 1435
1498 2 2 1 1 1419 877 1438
1499 2 2 1 1 1420 1034 1439
1500 2 2 1 1 965 1422 1437
1501 2 2 1 1 808 1421 1436
1502 2 2 1 1 802 801 1397
1503 2 2 1 1 1424 1253 1442
1504 2 2 1 1 1115 1114 1399
1505 2 2 1 1 958 957 1398
1506 2 2 1 1 1036 1035 1401
1507 2 2 1 1 879 878 1400
1508 2 2 1 1 886 885 1402
1509 2 2 1 1 1043 1042 1403
1510 2 2 1 1 807 806 1404
1511 2 2 1 1 964 963 1405
1512 2 2 1 1 1255 1254 1406
1513 2 2 1 1 738 1425 1444
1514 2 2 1 1 1262 1426 1443
1515 2 2 1 1 737 736 1407
1516 2 2 1 1 1261 1260 1408
1517 2 2 1 1 668 1427 1446
1518 2 2 1 1 1192 1428 1445
1519 2 2 1 1 667 666 1409
1520 2 2 1 1 1191 1190 1410
1521 2 2 1 1 1429 659 1447
1522 2 2 1 1 1122 1430 1448
1523 2 2 1 1 661 660 1411
1524 2 2 1 1 1121 1120 1412
1525 2 2 1 1 1431 729 1457
1526 2 2 1 1 1440 1182 1458
1527 2 2 1 1 1433 1112 1450
1528 2 2 1 1 1432 955 1449
1529 2 2 1 1 1045 1435 1454
1530 2 2 1 1 888 1434 1453
1531 2 2 1 1 1439 1033 1452
1532 2 2 1 1 1438 876 1451
1533 2 2 1 1 809 1436 1455
1534 2 2 1 1 966 1437 1456
1535 2 2 1 1 731 730 1413
1536 2 2 1 1 1184 1183 1414
1537 2 2 1 1 1441 799 1459
1538 2 2 1 1 1114 1113 1416
1539 2 2 1 1 957 956 1415
1540 2 2 1 1 887 886 1417
1541 2 2 1 1 1044 1043 1418
1542 2 2 1 1 878 877 1419
1543 2 2 1 1 1035 1034 1420
1544 2 2 1 1 965 964 1422
1545 2 2 1 1 808 807 1421
1546 2 2 1 1 1442 1252 1460
1547 2 2 1 1 801 800 1423
1548 2 2 1 1 1254 1253 1424
1549 2 2 1 1 1263 1443 1461
1550 2 2 1 1 739 1444 1462
1551 2 2 1 1 738 737 1425
1552 2 2 1 1 1262 1261 1426
1553 2 2 1 1 1193 1445 1463
1554 2 2 1 1 669 1446 1464
1555 2 2 1 1 1447 658 1473
1556 2 2 1 1 668 667 1427
1557 2 2 1 1 1192 1191 1428
1558 2 2 1 1 1123 1448 1474
1559 2 2 1 1 660 659 1429
1560 2 2 1 1 1450 1111 1466
1561 2 2 1 1 1449 954 1465
1562 2 2 1 1 1451 875 1467
1563 2 2 1 1 1452 1032 1468
1564 2 2 1 1 889 1453 1469
1565 2 2 1 1 1046 1454 1470
1566 2 2 1 1 810 1455 1471
1567 2 2 1 1 967 1456 1472
1568 2 2 1 1 1457 728 1475
1569 2 2 1 1 1122 1121 1430
1570 2 2 1 1 1458 1181 1476
1571 2 2 1 1 1 12 1784
1572 2 2 1 1 730 729 1431
1573 2 2 1 1 1113 1112 1433
1574 2 2 1 1 956 955 1432
1575 2 2 1 1 1045 1044 1435
1576 2 2 1 1 888 887 1434
1577 2 2 1 1 877 876 1438
1578 2 2 1 1 1034 1033 1439
1579 2 2 1 1 809 808 1436
1580 2 2 1 1 966 965 1437
1581 2 2 1 1 1459 798 1477
1582 2 2 1 1 1183 1182 1440
1583 2 2 1 1 1460 1251 1478
1584 2 2 1 1 1264 1461 1479
1585 2 2 1 1 800 799 1441
1586 2 2 1 1 740 1462 1480
1587 2 2 1 1 1253 1252 1442
1588 2 2 1 1 647 1 1782
1589 2 2 1 1 1194 1463 1481
1590 2 2 1 1 670 1464 1482
1591 2 2 1 1 1263 1262 1443
1592 2 2 1 1 739 738 1444
1593 2 2 1 1 1473 657 1491
1594 2 2 1 1 1124 1474 1492
1595 2 2 1 1 1466 1110 1484
1596 2 2 1 1 1465 953 1483
1597 2 2 1 1 1468 1031 1486
1598 2 2 1 1 1467 874 1485
1599 2 2 1 1 1047 1470 1488
1600 2 2 1 1 890 1469 1487
1601 2 2 1 1 811 1471 1489
1602 2 2 1 1 968 1472 1490
1603 2 2 1 1 1193 1192 1445
1604 2 2 1 1 669 668 1446
1605 2 2 1 1 1475 727 1493
1606 2 2 1 1 1476 1180 1494
1607 2 2 1 1 659 658 1447
1608 2 2 1 1 1123 1122 1448
1609 2 2 1 1 955 954 1449
1610 2 2 1 1 1112 1111 1450
1611 2 2 1 1 1033 1032 1452
1612 2 2 1 1 876 875 1451
1613 2 2 1 1 1046 1045 1454
1614 2 2 1 1 889 888 1453
1615 2 2 1 1 810 809 1455
1616 2 2 1 1 967 966 1456
1617 2 2 1 1 1477 797 1495
1618 2 2 1 1 1478 1250 1496
1619 2 2 1 1 729 728 1457
1620 2 2 1 1 1182 1181 1458
1621 2 2 1 1 1265 1479 1497
1622 2 2 1 1 741 1480 1498
1623 2 2 1 1 799 798 1459
1624 2 2 1 1 1252 1251 1460
1625 2 2 1 1 1195 1481 1507
1626 2 2 1 1 671 1482 1508
1627 2 2 1 1 1264 1263 1461
1628 2 2 1 1 1483 952 1499
1629 2 2 1 1 1484 1109 1500
1630 2 2 1 1 1485 873 1501
1631 2 2 1 1 1486 1030 1502
1632 2 2 1 1 1048 1488 1504
1633 2 2 1 1 891 1487 1503
1634 2 2 1 1 812 1489 1505
1635 2 2 1 1 969 1490 1506
1636 2 2 1 1 740 739 1462
1637 2 2 1 1 1491 656 1509
1638 2 2 1 1 1125 1492 1510
1639 2 2 1 1 1194 1193 1463
1640 2 2 1 1 670 669 1464
1641 2 2 1 1 1493 726 1511
1642 2 2 1 1 1494 1179 1512
1643 2 2 1 1 1111 1110 1466
1644 2 2 1 1 954 953 1465
1645 2 2 1 1 875 874 1467
1646 2 2 1 1 1032 1031 1468
1647 2 2 1 1 1047 1046 1470
1648 2 2 1 1 890 889 1469
1649 2 2 1 1 968 967 1472
1650 2 2 1 1 811 810 1471
1651 2 2 1 1 658 657 1473
1652 2 2 1 1 1124 1123 1474
1653 2 2 1 1 1495 796 1513
1654 2 2 1 1 1496 1249 1514
1655 2 2 1 1 728 727 1475
1656 2 2 1 1 1266 1497 1515
1657 2 2 1 1 1181 1180 1476
1658 2 2 1 1 742 1498 1524
1659 2 2 1 1 1196 1507 1525
1660 2 2 1 1 1500 1108 1517
1661 2 2 1 1 1499 951 1516
1662 2 2 1 1 1502 1029 1519
1663 2 2 1 1 1501 872 1518
1664 2 2 1 1 892 1503 1520
1665 2 2 1 1 1049 1504 1521
1666 2 2 1 1 970 1506 1523
1667 2 2 1 1 813 1505 1522
1668 2 2 1 1 798 797 1477
1669 2 2 1 1 1251 1250 1478
1670 2 2 1 1 672 1508 1526
1671 2 2 1 1 1509 655 1528
1672 2 2 1 1 1126 1510 1527
1673 2 2 1 1 1265 1264 1479
1674 2 2 1 1 741 740 1480
1675 2 2 1 1 1512 1178 1529
1676 2 2 1 1 1511 725 1530
1677 2 2 1 1 1195 1194 1481
1678 2 2 1 1 1110 1109 1484
1679 2 2 1 1 953 952 1483
1680 2 2 1 1 1031 1030 1486
1681 2 2 1 1 874 873 1485
1682 2 2 1 1 1048 1047 1488
1683 2 2 1 1 891 890 1487
1684 2 2 1 1 969 968 1490
1685 2 2 1 1 812 811 1489
1686 2 2 1 1 671 670 1482
1687 2 2 1 1 1514 1248 1531
1688 2 2 1 1 1513 795 1532
1689 2 2 1 1 657 656 1491
1690 2 2 1 1 1125 1124 1492
1691 2 2 1 1 1267 1515 1541
1692 2 2 1 1 743 1524 1542
1693 2 2 1 1 727 726 1493
1694 2 2 1 1 1516 950 1533
1695 2 2 1 1 1517 1107 1534
1696 2 2 1 1 893 1520 1535
1697 2 2 1 1 1050 1521 1536
1698 2 2 1 1 1519 1028 1538
1699 2 2 1 1 1518 871 1537
1700 2 2 1 1 971 1523 1540
1701 2 2 1 1 814 1522 1539
1702 2 2 1 1 1180 1179 1494
1703 2 2 1 1 1197 1525 1543
1704 2 2 1 1 673 1526 1544
1705 2 2 1 1 797 796 1495
1706 2 2 1 1 1250 1249 1496
1707 2 2 1 1 1127 1527 1545
1708 2 2 1 1 1528 654 1546
1709 2 2 1 1 1266 1265 1497
1710 2 2 1 1 742 741 1498
1711 2 2 1 1 1529 1177 1547
1712 2 2 1 1 1530 724 1548
1713 2 2 1 1 952 951 1499
1714 2 2 1 1 1109 1108 1500
1715 2 2 1 1 1030 1029 1502
1716 2 2 1 1 873 872 1501
1717 2 2 1 1 1049 1048 1504
1718 2 2 1 1 892 891 1503
1719 2 2 1 1 813 812 1505
1720 2 2 1 1 970 969 1506
1721 2 2 1 1 1196 1195 1507
1722 2 2 1 1 672 671 1508
1723 2 2 1 1 1531 1247 1557
1724 2 2 1 1 1532 794 1558
1725 2 2 1 1 1051 1536 1552
1726 2 2 1 1 894 1535 1551
1727 2 2 1 1 1533 949 1549
1728 2 2 1 1 1534 1106 1550
1729 2 2 1 1 1538 1027 1554
1730 2 2 1 1 1537 870 1553
1731 2 2 1 1 972 1540 1556
1732 2 2 1 1 815 1539 1555
1733 2 2 1 1 656 655 1509
1734 2 2 1 1 1268 1541 1559
1735 2 2 1 1 1126 1125 1510
1736 2 2 1 1 744 1542 1560
1737 2 2 1 1 1198 1543 1561
1738 2 2 1 1 726 725 1511
1739 2 2 1 1 1179 1178 1512
1740 2 2 1 1 674 1544 1562
1741 2 2 1 1 1128 1545 1563
1742 2 2 1 1 1546 653 1564
1743 2 2 1 1 796 795 1513
1744 2 2 1 1 1249 1248 1514
1745 2 2 1 1 1547 1176 1565
1746 2 2 1 1 1267 1266 1515
1747 2 2 1 1 1108 1107 1517
1748 2 2 1 1 951 950 1516
1749 2 2 1 1 1029 1028 1519
1750 2 2 1 1 872 871 1518
1751 2 2 1 1 893 892 1520
1752 2 2 1 1 1050 1049 1521
1753 2 2 1 1 971 970 1523
1754 2 2 1 1 814 813 1522
1755 2 2 1 1 1548 723 1574
1756 2 2 1 1 743 742 1524
1757 2 2 1 1 1557 1246 1575
1758 2 2 1 1 1550 1105 1567
1759 2 2 1 1 1549 948 1566
1760 2 2 1 1 895 1551 1568
1761 2 2 1 1 1052 1552 1569
1762 2 2 1 1 1553 869 1570
1763 2 2 1 1 1554 1026 1571
1764 2 2 1 1 816 1555 1572
1765 2 2 1 1 973 1556 1573
1766 2 2 1 1 1197 1196 1525
1767 2 2 1 1 1558 793 1576
1768 2 2 1 1 673 672 1526
1769 2 2 1 1 1269 1559 1577
1770 2 2 1 1 745 1560 1578
1771 2 2 1 1 1127 1126 1527
1772 2 2 1 1 655 654 1528
1773 2 2 1 1 1199 1561 1579
1774 2 2 1 1 675 1562 1580
1775 2 2 1 1 1178 1177 1529
1776 2 2 1 1 725 724 1530
1777 2 2 1 1 1129 1563 1581
1778 2 2 1 1 1564 652 1582
1779 2 2 1 1 1248 1247 1531
1780 2 2 1 1 795 794 1532
1781 2 2 1 1 1565 1175 1591
1782 2 2 1 1 1051 1050 1536
1783 2 2 1 1 894 893 1535
1784 2 2 1 1 950 949 1533
1785 2 2 1 1 1107 1106 1534
1786 2 2 1 1 1028 1027 1538
1787 2 2 1 1 871 870 1537
1788 2 2 1 1 972 971 1540
1789 2 2 1 1 815 814 1539
1790 2 2 1 1 1574 722 1592
1791 2 2 1 1 896 1568 1585
1792 2 2 1 1 1053 1569 1586
1793 2 2 1 1 1566 947 1583
1794 2 2 1 1 1567 1104 1584
1795 2 2 1 1 1571 1025 1588
1796 2 2 1 1 1570 868 1587
1797 2 2 1 1 974 1573 1590
1798 2 2 1 1 817 1572 1589
1799 2 2 1 1 1268 1267 1541
1800 2 2 1 1 1575 1245 1593
1801 2 2 1 1 744 743 1542
1802 2 2 1 1 1576 792 1594
1803 2 2 1 1 1270 1577 1595
1804 2 2 1 1 1198 1197 1543
1805 2 2 1 1 674 673 1544
1806 2 2 1 1 746 1578 1596
1807 2 2 1 1 1200 1579 1597
1808 2 2 1 1 1128 1127 1545
1809 2 2 1 1 654 653 1546
1810 2 2 1 1 676 1580 1598
1811 2 2 1 1 1130 1581 1607
1812 2 2 1 1 1177 1176 1547
1813 2 2 1 1 1582 651 1608
1814 2 2 1 1 724 723 1548
1815 2 2 1 1 1591 1174 1609
1816 2 2 1 1 1106 1105 1550
1817 2 2 1 1 949 948 1549
1818 2 2 1 1 1052 1051 1552
1819 2 2 1 1 895 894 1551
1820 2 2 1 1 1027 1026 1554
1821 2 2 1 1 870 869 1553
1822 2 2 1 1 816 815 1555
1823 2 2 1 1 973 972 1556
1824 2 2 1 1 1583 946 1601
1825 2 2 1 1 1584 1103 1602
1826 2 2 1 1 897 1585 1599
1827 2 2 1 1 1054 1586 1600
1828 2 2 1 1 1587 867 1603
1829 2 2 1 1 1588 1024 1604
1830 2 2 1 1 975 1590 1606
1831 2 2 1 1 818 1589 1605
1832 2 2 1 1 1592 721 1610
1833 2 2 1 1 1247 1246 1557
1834 2 2 1 1 794 793 1558
1835 2 2 1 1 1593 1244 1611
1836 2 2 1 1 1269 1268 1559
1837 2 2 1 1 1594 791 1612
1838 2 2 1 1 1271 1595 1613
1839 2 2 1 1 745 744 1560
1840 2 2 1 1 1199 1198 1561
1841 2 2 1 1 747 1596 1614
1842 2 2 1 1 1201 1597 1615
1843 2 2 1 1 675 674 1562
1844 2 2 1 1 677 1598 1624
1845 2 2 1 1 1129 1128 1563
1846 2 2 1 1 1131 1607 1625
1847 2 2 1 1 653 652 1564
1848 2 2 1 1 1608 650 1626
1849 2 2 1 1 1055 1600 1617
1850 2 2 1 1 898 1599 1616
1851 2 2 1 1 1601 945 1618
1852 2 2 1 1 1602 1102 1619
1853 2 2 1 1 1603 866 1620
1854 2 2 1 1 1604 1023 1621
1855 2 2 1 1 819 1605 1622
1856 2 2 1 1 976 1606 1623
1857 2 2 1 1 1609 1173 1627
1858 2 2 1 1 1176 1175 1565
1859 2 2 1 1 896 895 1568
1860 2 2 1 1 1053 1052 1569
1861 2 2 1 1 948 947 1566
1862 2 2 1 1 1105 1104 1567
1863 2 2 1 1 1026 1025 1571
1864 2 2 1 1 869 868 1570
1865 2 2 1 1 974 973 1573
1866 2 2 1 1 817 816 1572
1867 2 2 1 1 723 722 1574
1868 2 2 1 1 1610 720 1628
1869 2 2 1 1 1611 1243 1629
1870 2 2 1 1 1246 1245 1575
1871 2 2 1 1 793 792 1576
1872 2 2 1 1 1612 790 1630
1873 2 2 1 1 1272 1613 1631
1874 2 2 1 1 1270 1269 1577
1875 2 2 1 1 748 1614 1640
1876 2 2 1 1 746 745 1578
1877 2 2 1 1 1202 1615 1641
1878 2 2 1 1 1200 1199 1579
1879 2 2 1 1 678 1624 1643
1880 2 2 1 1 1132 1625 1642
1881 2 2 1 1 899 1616 1634
1882 2 2 1 1 1056 1617 1635
1883 2 2 1 1 1619 1101 1633
1884 2 2 1 1 1618 944 1632
1885 2 2 1 1 1621 1022 1637
1886 2 2 1 1 1620 865 1636
1887 2 2 1 1 820 1622 1638
1888 2 2 1 1 977 1623 1639
1889 2 2 1 1 676 675 1580
1890 2 2 1 1 1130 1129 1581
1891 2 2 1 1 1626 649 1644
1892 2 2 1 1 1627 1172 1645
1893 2 2 1 1 652 651 1582
1894 2 2 1 1 897 896 1585
1895 2 2 1 1 1054 1053 1586
1896 2 2 1 1 947 946 1583
1897 2 2 1 1 1104 1103 1584
1898 2 2 1 1 868 867 1587
1899 2 2 1 1 1025 1024 1588
1900 2 2 1 1 975 974 1590
1901 2 2 1 1 818 817 1589
1902 2 2 1 1 1628 719 1646
1903 2 2 1 1 1175 1174 1591
1904 2 2 1 1 1629 1242 1647
1905 2 2 1 1 722 721 1592
1906 2 2 1 1 1630 789 1648
1907 2 2 1 1 1245 1244 1593
1908 2 2 1 1 792 791 1594
1909 2 2 1 1 1203 1641 1658
1910 2 2 1 1 749 1640 1659
1911 2 2 1 1 1271 1270 1595
1912 2 2 1 1 1057 1635 1650
1913 2 2 1 1 900 1634 1649
1914 2 2 1 1 1633 1100 1652
1915 2 2 1 1 1632 943 1651
1916 2 2 1 1 1636 864 1653
1917 2 2 1 1 1637 1021 1654
1918 2 2 1 1 978 1639 1656
1919 2 2 1 1 821 1638 1655
1920 2 2 1 1 747 746 1596
1921 2 2 1 1 1133 1642 1660
1922 2 2 1 1 679 1643 1661
1923 2 2 1 1 1201 1200 1597
1924 2 2 1 1 1644 648 1662
1925 2 2 1 1 1645 1171 1663
1926 2 2 1 1 677 676 1598
1927 2 2 1 1 946 945 1601
1928 2 2 1 1 1103 1102 1602
1929 2 2 1 1 1055 1054 1600
1930 2 2 1 1 898 897 1599
1931 2 2 1 1 1024 1023 1604
1932 2 2 1 1 867 866 1603
1933 2 2 1 1 819 818 1605
1934 2 2 1 1 976 975 1606
1935 2 2 1 1 1131 1130 1607
1936 2 2 1 1 1646 718 1664
1937 2 2 1 1 651 650 1608
1938 2 2 1 1 1647 1241 1665
1939 2 2 1 1 1273 1631 1657
1940 2 2 1 1 1174 1173 1609
1941 2 2 1 1 1648 788 1674
1942 2 2 1 1 721 720 1610
1943 2 2 1 1 901 1649 1666
1944 2 2 1 1 1058 1650 1667
1945 2 2 1 1 1651 942 1668
1946 2 2 1 1 1652 1099 1669
1947 2 2 1 1 1654 1020 1671
1948 2 2 1 1 1653 863 1670
1949 2 2 1 1 979 1656 1673
1950 2 2 1 1 822 1655 1672
1951 2 2 1 1 1204 1658 1675
1952 2 2 1 1 1244 1243 1611
1953 2 2 1 1 750 1659 1676
1954 2 2 1 1 791 790 1612
1955 2 2 1 1 1272 1271 1613
1956 2 2 1 1 1134 1660 1677
1957 2 2 1 1 680 1661 1678
1958 2 2 1 1 748 747 1614
1959 2 2 1 1 1663 1170 1679
1960 2 2 1 1 1202 1201 1615
1961 2 2 1 1 866 865 1620
1962 2 2 1 1 1023 1022 1621
1963 2 2 1 1 1102 1101 1619
1964 2 2 1 1 945 944 1618
1965 2 2 1 1 1056 1055 1617
1966 2 2 1 1 899 898 1616
1967 2 2 1 1 977 976 1623
1968 2 2 1 1 820 819 1622
1969 2 2 1 1 1664 717 1689
1970 2 2 1 1 1665 1240 1688
1971 2 2 1 1 678 677 1624
1972 2 2 1 1 1132 1131 1625
1973 2 2 1 1 1674 787 1690
1974 2 2 1 1 650 649 1626
1975 2 2 1 1 1059 1667 1683
1976 2 2 1 1 902 1666 1682
1977 2 2 1 1 1669 1098 1681
1978 2 2 1 1 1668 941 1680
1979 2 2 1 1 1670 862 1684
1980 2 2 1 1 1671 1019 1685
1981 2 2 1 1 823 1672 1686
1982 2 2 1 1 980 1673 1687
1983 2 2 1 1 1173 1172 1627
1984 2 2 1 1 1205 1675 1691
1985 2 2 1 1 751 1676 1692
1986 2 2 1 1 720 719 1628
1987 2 2 1 1 1135 1677 1693
1988 2 2 1 1 1243 1242 1629
1989 2 2 1 1 681 1678 1694
1990 2 2 1 1 790 789 1630
1991 2 2 1 1 1273 1272 1631
1992 2 2 1 1 1679 1169 1695
1993 2 2 1 1 1057 1056 1635
1994 2 2 1 1 900 899 1634
1995 2 2 1 1 944 943 1632
1996 2 2 1 1 1101 1100 1633
1997 2 2 1 1 865 864 1636
1998 2 2 1 1 1022 1021 1637
1999 2 2 1 1 978 977 1639
2000 2 2 1 1 821 820 1638
2001 2 2 1 1 1688 1239 1704
2002 2 2 1 1 749 748 1640
2003 2 2 1 1 1689 716 1705
2004 2 2 1 1 1203 1202 1641
2005 2 2 1 1 1681 1097 1697
2006 2 2 1 1 1680 940 1696
2007 2 2 1 1 903 1682 1698
2008 2 2 1 1 1060 1683 1699
2009 2 2 1 1 1684 861 1702
2010 2 2 1 1 1685 1018 1703
2011 2 2 1 1 824 1686 1700
2012 2 2 1 1 981 1687 1701
2013 2 2 1 1 1690 786 1706
2014 2 2 1 1 1133 1132 1642
2015 2 2 1 1 679 678 1643
2016 2 2 1 1 1206 1691 1707
2017 2 2 1 1 752 1692 1708
2018 2 2 1 1 649 648 1644
2019 2 2 1 1 1172 1171 1645
2020 2 2 1 1 1136 1693 1709
2021 2 2 1 1 682 1694 1718
2022 2 2 1 1 719 718 1646
2023 2 2 1 1 1695 1168 1719
2024 2 2 1 1 1242 1241 1647
2025 2 2 1 1 1704 1238 1720
2026 2 2 1 1 1697 1096 1711
2027 2 2 1 1 1696 939 1710
2028 2 2 1 1 904 1698 1712
2029 2 2 1 1 1061 1699 1713
2030 2 2 1 1 1702 860 1716
2031 2 2 1 1 1703 1017 1717
2032 2 2 1 1 982 1701 1715
2033 2 2 1 1 825 1700 1714
2034 2 2 1 1 789 788 1648
2035 2 2 1 1 901 900 1649
2036 2 2 1 1 1058 1057 1650
2037 2 2 1 1 1100 1099 1652
2038 2 2 1 1 943 942 1651
2039 2 2 1 1 1021 1020 1654
2040 2 2 1 1 864 863 1653
2041 2 2 1 1 822 821 1655
2042 2 2 1 1 979 978 1656
2043 2 2 1 1 1705 715 1721
2044 2 2 1 1 6 1273 1657
2045 2 2 1 1 1204 1203 1658
2046 2 2 1 1 1706 785 1722
2047 2 2 1 1 750 749 1659
2048 2 2 1 1 1207 1707 1723
2049 2 2 1 1 753 1708 1732
2050 2 2 1 1 1134 1133 1660
2051 2 2 1 1 1137 1709 1733
2052 2 2 1 1 680 679 1661
2053 2 2 1 1 683 1718 1734
2054 2 2 1 1 1719 1167 1735
2055 2 2 1 1 648 5 1662
2056 2 2 1 1 1171 1170 1663
2057 2 2 1 1 1710 938 1724
2058 2 2 1 1 1711 1095 1725
2059 2 2 1 1 905 1712 1726
2060 2 2 1 1 1062 1713 1727
2061 2 2 1 1 1717 1016 1731
2062 2 2 1 1 1716 859 1730
2063 2 2 1 1 826 1714 1728
2064 2 2 1 1 983 1715 1729
2065 2 2 1 1 1720 1237 1736
2066 2 2 1 1 718 717 1664
2067 2 2 1 1 1241 1240 1665
2068 2 2 1 1 1721 714 1737
2069 2 2 1 1 1059 1058 1667
2070 2 2 1 1 902 901 1666
2071 2 2 1 1 942 941 1668
2072 2 2 1 1 1099 1098 1669
2073 2 2 1 1 863 862 1670
2074 2 2 1 1 1020 1019 1671
2075 2 2 1 1 823 822 1672
2076 2 2 1 1 980 979 1673
2077 2 2 1 1 1722 784 1739
2078 2 2 1 1 1208 1723 1738
2079 2 2 1 1 788 787 1674
2080 2 2 1 1 1205 1204 1675
2081 2 2 1 1 1138 1733 1748
2082 2 2 1 1 754 1732 1749
2083 2 2 1 1 751 750 1676
2084 2 2 1 1 1724 937 1740
2085 2 2 1 1 1725 1094 1741
2086 2 2 1 1 1063 1727 1743
2087 2 2 1 1 906 1726 1742
2088 2 2 1 1 1731 1015 1747
2089 2 2 1 1 1730 858 1746
2090 2 2 1 1 827 1728 1744
2091 2 2 1 1 984 1729 1745
2092 2 2 1 1 1735 1166 1750
2093 2 2 1 1 684 1734 1751
2094 2 2 1 1 1135 1134 1677
2095 2 2 1 1 681 680 1678
2096 2 2 1 1 1736 1236 1752
2097 2 2 1 1 1170 1169 1679
2098 2 2 1 1 1737 713 1753
2099 2 2 1 1 1060 1059 1683
2100 2 2 1 1 903 902 1682
2101 2 2 1 1 1098 1097 1681
2102 2 2 1 1 941 940 1680
2103 2 2 1 1 862 861 1684
2104 2 2 1 1 1019 1018 1685
2105 2 2 1 1 824 823 1686
2106 2 2 1 1 981 980 1687
2107 2 2 1 1 1209 1738 1762
2108 2 2 1 1 1240 1239 1688
2109 2 2 1 1 1739 783 1763
2110 2 2 1 1 717 716 1689
2111 2 2 1 1 1139 1748 1764
2112 2 2 1 1 755 1749 1765
2113 2 2 1 1 1740 936 1754
2114 2 2 1 1 1741 1093 1755
2115 2 2 1 1 907 1742 1756
2116 2 2 1 1 1064 1743 1757
2117 2 2 1 1 1746 857 1760
2118 2 2 1 1 1747 1014 1761
2119 2 2 1 1 985 1745 1759
2120 2 2 1 1 828 1744 1758
2121 2 2 1 1 787 786 1690
2122 2 2 1 1 1750 1165 1766
2123 2 2 1 1 685 1751 1767
2124 2 2 1 1 1206 1205 1691
2125 2 2 1 1 1752 1235 1768
2126 2 2 1 1 752 751 1692
2127 2 2 1 1 1136 1135 1693
2128 2 2 1 1 1753 712 1777
2129 2 2 1 1 682 681 1694
2130 2 2 1 1 1210 1762 1778
2131 2 2 1 1 1169 1168 1695
2132 2 2 1 1 1763 782 1779
2133 2 2 1 1 940 939 1696
2134 2 2 1 1 1097 1096 1697
2135 2 2 1 1 904 903 1698
2136 2 2 1 1 1061 1060 1699
2137 2 2 1 1 861 860 1702
2138 2 2 1 1 1018 1017 1703
2139 2 2 1 1 982 981 1701
2140 2 2 1 1 825 824 1700
2141 2 2 1 1 1755 1092 1770
2142 2 2 1 1 1754 935 1769
2143 2 2 1 1 1065 1757 1772
2144 2 2 1 1 908 1756 1771
2145 2 2 1 1 1761 1013 1774
2146 2 2 1 1 1760 856 1773
2147 2 2 1 1 829 1758 1775
2148 2 2 1 1 986 1759 1776
2149 2 2 1 1 1140 1764 1780
2150 2 2 1 1 756 1765 1781
2151 2 2 1 1 1766 1164 1783
2152 2 2 1 1 1239 1238 1704
2153 2 2 1 1 716 715 1705
2154 2 2 1 1 686 1767 1794
2155 2 2 1 1 1768 1234 1793
2156 2 2 1 1 786 785 1706
2157 2 2 1 1 1207 1206 1707
2158 2 2 1 1 1777 711 1796
2159 2 2 1 1 1211 1778 1795
2160 2 2 1 1 1066 1772 1788
2161 2 2 1 1 909 1771 1787
2162 2 2 1 1 1770 1091 1786
2163 2 2 1 1 1769 934 1785
2164 2 2 1 1 1773 855 1789
2165 2 2 1 1 1774 1012 1790
2166 2 2 1 1 987 1776 1792
2167 2 2 1 1 830 1775 1791
2168 2 2 1 1 753 752 1708
2169 2 2 1 1 1141 1780 1797
2170 2 2 1 1 1779 781 1798
2171 2 2 1 1 1137 1136 1709
2172 2 2 1 1 1096 1095 1711
2173 2 2 1 1 939 938 1710
2174 2 2 1 1 905 904 1712
2175 2 2 1 1 1062 1061 1713
2176 2 2 1 1 860 859 1716
2177 2 2 1 1 1017 1016 1717
2178 2 2 1 1 983 982 1715
2179 2 2 1 1 826 825 1714
2180 2 2 1 1 1783 1163 1799
2181 2 2 1 1 757 1781 1808
2182 2 2 1 1 683 682 1718
2183 2 2 1 1 1168 1167 1719
2184 2 2 1 1 1793 1233 1809
2185 2 2 1 1 687 1794 1810
2186 2 2 1 1 1238 1237 1720
2187 2 2 1 1 910 1787 1800
2188 2 2 1 1 1067 1788 1801
2189 2 2 1 1 1786 1090 1803
2190 2 2 1 1 1785 933 1802
2191 2 2 1 1 1790 1011 1805
2192 2 2 1 1 1789 854 1804
2193 2 2 1 1 988 1792 1807
2194 2 2 1 1 831 1791 1806
2195 2 2 1 1 1212 1795 1811
2196 2 2 1 1 715 714 1721
2197 2 2 1 1 1796 710 1812
2198 2 2 1 1 1142 1797 1813
2199 2 2 1 1 1798 780 1822
2200 2 2 1 1 785 784 1722
2201 2 2 1 1 1799 1162 1823
2202 2 2 1 1 1208 1207 1723
2203 2 2 1 1 758 1808 1824
2204 2 2 1 1 1809 1232 1825
2205 2 2 1 1 938 937 1724
2206 2 2 1 1 1095 1094 1725
2207 2 2 1 1 906 905 1726
2208 2 2 1 1 1063 1062 1727
2209 2 2 1 1 984 983 1729
2210 2 2 1 1 827 826 1728
2211 2 2 1 1 859 858 1730
2212 2 2 1 1 1016 1015 1731
2213 2 2 1 1 754 753 1732
2214 2 2 1 1 1138 1137 1733
2215 2 2 1 1 688 1810 1826
2216 2 2 1 1 911 1800 1816
2217 2 2 1 1 1068 1801 1817
2218 2 2 1 1 1803 1089 1815
2219 2 2 1 1 1802 932 1814
2220 2 2 1 1 1805 1010 1821
2221 2 2 1 1 1804 853 1820
2222 2 2 1 1 989 1807 1819
2223 2 2 1 1 832 1806 1818
2224 2 2 1 1 1213 1811 1827
2225 2 2 1 1 684 683 1734
2226 2 2 1 1 1167 1166 1735
2227 2 2 1 1 1812 709 1837
2228 2 2 1 1 1143 1813 1836
2229 2 2 1 1 1823 1161 1838
2230 2 2 1 1 1822 779 1839
2231 2 2 1 1 1237 1236 1736
2232 2 2 1 1 1825 1231 1840
2233 2 2 1 1 759 1824 1841
2234 2 2 1 1 912 1816 1830
2235 2 2 1 1 1069 1817 1831
2236 2 2 1 1 1815 1088 1829
2237 2 2 1 1 1814 931 1828
2238 2 2 1 1 1820 852 1832
2239 2 2 1 1 1821 1009 1833
2240 2 2 1 1 990 1819 1835
2241 2 2 1 1 833 1818 1834
2242 2 2 1 1 714 713 1737
2243 2 2 1 1 689 1826 1851
2244 2 2 1 1 1214 1827 1850
2245 2 2 1 1 1209 1208 1738
2246 2 2 1 1 784 783 1739
2247 2 2 1 1 937 936 1740
2248 2 2 1 1 1094 1093 1741
2249 2 2 1 1 907 906 1742
2250 2 2 1 1 1064 1063 1743
2251 2 2 1 1 858 857 1746
2252 2 2 1 1 1015 1014 1747
2253 2 2 1 1 985 984 1745
2254 2 2 1 1 828 827 1744
2255 2 2 1 1 1144 1836 1852
2256 2 2 1 1 1837 708 1854
2257 2 2 1 1 1838 1160 1853
2258 2 2 1 1 1139 1138 1748
2259 2 2 1 1 755 754 1749
2260 2 2 1 1 913 1830 1844
2261 2 2 1 1 1070 1831 1845
2262 2 2 1 1 1829 1087 1843
2263 2 2 1 1 1828 930 1842
2264 2 2 1 1 1833 1008 1847
2265 2 2 1 1 1832 851 1846
2266 2 2 1 1 991 1835 1849
2267 2 2 1 1 834 1834 1848
2268 2 2 1 1 1839 778 1856
2269 2 2 1 1 1840 1230 1855
2270 2 2 1 1 1166 1165 1750
2271 2 2 1 1 760 1841 1865
2272 2 2 1 1 685 684 1751
2273 2 2 1 1 1215 1850 1866
2274 2 2 1 1 690 1851 1868
2275 2 2 1 1 1145 1852 1867
2276 2 2 1 1 1236 1235 1752
2277 2 2 1 1 1853 1159 1869
2278 2 2 1 1 1842 929 1857
2279 2 2 1 1 1843 1086 1858
2280 2 2 1 1 1071 1845 1860
2281 2 2 1 1 914 1844 1859
2282 2 2 1 1 1846 850 1861
2283 2 2 1 1 1847 1007 1862
2284 2 2 1 1 835 1848 1863
2285 2 2 1 1 992 1849 1864
2286 2 2 1 1 1854 707 1879
2287 2 2 1 1 1855 1229 1878
2288 2 2 1 1 713 712 1753
2289 2 2 1 1 1093 1092 1755
2290 2 2 1 1 936 935 1754
2291 2 2 1 1 1065 1064 1757
2292 2 2 1 1 908 907 1756
2293 2 2 1 1 857 856 1760
2294 2 2 1 1 1014 1013 1761
2295 2 2 1 1 986 985 1759
2296 2 2 1 1 829 828 1758
2297 2 2 1 1 1856 777 1880
2298 2 2 1 1 1210 1209 1762
2299 2 2 1 1 1216 1866 1881
2300 2 2 1 1 761 1865 1891
2301 2 2 1 1 783 782 1763
2302 2 2 1 1 1146 1867 1882
2303 2 2 1 1 1858 1085 1871
2304 2 2 1 1 1857 928 1870
2305 2 2 1 1 915 1859 1872
2306 2 2 1 1 1072 1860 1873
2307 2 2 1 1 1861 849 1874
2308 2 2 1 1 1862 1006 1875
2309 2 2 1 1 993 1864 1877
2310 2 2 1 1 836 1863 1876
2311 2 2 1 1 691 1868 1893
2312 2 2 1 1 1869 1158 1892
2313 2 2 1 1 1140 1139 1764
2314 2 2 1 1 1878 1228 1894
2315 2 2 1 1 756 755 1765
2316 2 2 1 1 1879 706 1904
2317 2 2 1 1 1165 1164 1766
2318 2 2 1 1 1217 1881 1903
2319 2 2 1 1 1880 776 1906
2320 2 2 1 1 1073 1873 1886
2321 2 2 1 1 916 1872 1885
2322 2 2 1 1 1870 927 1883
2323 2 2 1 1 1871 1084 1884
2324 2 2 1 1 1875 1005 1888
2325 2 2 1 1 1874 848 1887
2326 2 2 1 1 994 1877 1890
2327 2 2 1 1 837 1876 1889
2328 2 2 1 1 1147 1882 1905
2329 2 2 1 1 686 685 1767
2330 2 2 1 1 762 1891 1917
2331 2 2 1 1 1892 1157 1907
2332 2 2 1 1 1235 1234 1768
2333 2 2 1 1 1894 1227 1916
2334 2 2 1 1 692 1893 1918
2335 2 2 1 1 1066 1065 1772
2336 2 2 1 1 909 908 1771
2337 2 2 1 1 1092 1091 1770
2338 2 2 1 1 935 934 1769
2339 2 2 1 1 1013 1012 1774
2340 2 2 1 1 856 855 1773
2341 2 2 1 1 987 986 1776
2342 2 2 1 1 830 829 1775
2343 2 2 1 1 1883 926 1895
2344 2 2 1 1 1884 1083 1896
2345 2 2 1 1 1074 1886 1898
2346 2 2 1 1 917 1885 1897
2347 2 2 1 1 995 1890 1902
2348 2 2 1 1 838 1889 1901
2349 2 2 1 1 1888 1004 1900
2350 2 2 1 1 1887 847 1899
2351 2 2 1 1 1218 1903 1919
2352 2 2 1 1 1148 1905 1928
2353 2 2 1 1 1904 705 1942
2354 2 2 1 1 712 711 1777
2355 2 2 1 1 1907 1156 1937
2356 2 2 1 1 1211 1210 1778
2357 2 2 1 1 1906 775 1945
2358 2 2 1 1 1916 1226 1943
2359 2 2 1 1 1895 925 1908
2360 2 2 1 1 1896 1082 1909
2361 2 2 1 1 1075 1898 1911
2362 2 2 1 1 918 1897 1910
2363 2 2 1 1 1899 846 1912
2364 2 2 1 1 1900 1003 1913
2365 2 2 1 1 839 1901 1914
2366 2 2 1 1 996 1902 1915
2367 2 2 1 1 763 1917 1948
2368 2 2 1 1 1219 1919 1944
2369 2 2 1 1 782 781 1779
2370 2 2 1 1 1149 1928 1946
2371 2 2 1 1 1141 1140 1780
2372 2 2 1 1 693 1918 1951
2373 2 2 1 1 1937 1155 1947
2374 2 2 1 1 919 1910 1922
2375 2 2 1 1 1076 1911 1923
2376 2 2 1 1 1909 1081 1921
2377 2 2 1 1 1908 924 1920
2378 2 2 1 1 1912 845 1924
2379 2 2 1 1 1913 1002 1925
2380 2 2 1 1 840 1914 1926
2381 2 2 1 1 997 1915 1927
2382 2 2 1 1 1943 1225 1949
2383 2 2 1 1 1220 1944 1950
2384 2 2 1 1 1942 704 1959
2385 2 2 1 1 757 756 1781
2386 2 2 1 1 1077 1923 1932
2387 2 2 1 1 920 1922 1931
2388 2 2 1 1 1920 923 1929
2389 2 2 1 1 1921 1080 1930
2390 2 2 1 1 1925 1001 1934
2391 2 2 1 1 1924 844 1933
2392 2 2 1 1 998 1927 1936
2393 2 2 1 1 841 1926 1935
2394 2 2 1 1 1150 1946 1952
2395 2 2 1 1 1164 1163 1783
2396 2 2 1 1 1947 1154 1953
2397 2 2 1 1 921 1931 1938
2398 2 2 1 1 1078 1932 1939
2399 2 2 1 1 1929 922 1938
2400 2 2 1 1 1930 1079 1939
2401 2 2 1 1 1934 1000 1941
2402 2 2 1 1 1933 843 1940
2403 2 2 1 1 999 1936 1941
2404 2 2 1 1 842 1935 1940
2405 2 2 1 1 1949 1224 1954
2406 2 2 1 1 1945 774 1960
2407 2 2 1 1 1221 1950 1955
2408 2 2 1 1 1151 1952 1956
2409 2 2 1 1 1953 1153 1957
2410 2 2 1 1 764 1948 1961
2411 2 2 1 1 1954 1223 1958
2412 2 2 1 1 1222 1955 1958
2413 2 2 1 1 1152 1956 1957
2414 2 2 1 1 1091 1090 1786
2415 2 2 1 1 934 933 1785
2416 2 2 1 1 1067 1066 1788
2417 2 2 1 1 910 909 1787
2418 2 2 1 1 1012 1011 1790
2419 2 2 1 1 855 854 1789
2420 2 2 1 1 988 987 1792
2421 2 2 1 1 831 830 1791
2422 2 2 1 1 1234 1233 1793
2423 2 2 1 1 687 686 1794
2424 2 2 1 1 694 1951 1962
2425 2 2 1 1 1959 703 1963
2426 2 2 1 1 1960 773 1964
2427 2 2 1 1 765 1961 1965
2428 2 2 1 1 1212 1211 1795
2429 2 2 1 1 711 710 1796
2430 2 2 1 1 695 1962 1966
2431 2 2 1 1 1963 702 1967
2432 2 2 1 1 1142 1141 1797
2433 2 2 1 1 1964 772 1968
2434 2 2 1 1 781 780 1798
2435 2 2 1 1 766 1965 1969
2436 2 2 1 1 696 1966 1970
2437 2 2 1 1 1967 701 1971
2438 2 2 1 1 1163 1162 1799
2439 2 2 1 1 1968 771 1972
2440 2 2 1 1 1090 1089 1803
2441 2 2 1 1 933 932 1802
2442 2 2 1 1 911 910 1800
2443 2 2 1 1 1068 1067 1801
2444 2 2 1 1 1011 1010 1805
2445 2 2 1 1 854 853 1804
2446 2 2 1 1 989 988 1807
2447 2 2 1 1 832 831 1806
2448 2 2 1 1 767 1969 1973
2449 2 2 1 1 758 757 1808
2450 2 2 1 1 697 1970 1974
2451 2 2 1 1 1971 700 1975
2452 2 2 1 1 1972 770 1976
2453 2 2 1 1 768 1973 1977
2454 2 2 1 1 1233 1232 1809
2455 2 2 1 1 698 1974 1978
2456 2 2 1 1 1975 699 1978
2457 2 2 1 1 1976 769 1977
2458 2 2 1 1 688 687 1810
2459 2 2 1 1 1213 1212 1811
2460 2 2 1 1 710 709 1812
2461 2 2 1 1 1143 1142 1813
2462 2 2 1 1 912 911 1816
2463 2 2 1 1 1069 1068 1817
2464 2 2 1 1 1089 1088 1815
2465 2 2 1 1 932 931 1814
2466 2 2 1 1 990 989 1819
2467 2 2 1 1 833 832 1818
2468 2 2 1 1 1010 1009 1821
2469 2 2 1 1 853 852 1820
2470 2 2 1 1 780 779 1822
2471 2 2 1 1 1162 1161 1823
2472 2 2 1 1 759 758 1824
2473 2 2 1 1 1232 1231 1825
2474 2 2 1 1 689 688 1826
2475 2 2 1 1 1214 1213 1827
2476 2 2 1 1 1088 1087 1829
2477 2 2 1 1 931 930 1828
2478 2 2 1 1 913 912 1830
2479 2 2 1 1 1070 1069 1831
2480 2 2 1 1 852 851 1832
2481 2 2 1 1 1009 1008 1833
2482 2 2 1 1 991 990 1835
2483 2 2 1 1 834 833 1834
2484 2 2 1 1 1144 1143 1836
2485 2 2 1 1 709 708 1837
2486 2 2 1 1 1161 1160 1838
2487 2 2 1 1 779 778 1839
2488 2 2 1 1 1231 1230 1840
2489 2 2 1 1 760 759 1841
2490 2 2 1 1 930 929 1842
2491 2 2 1 1 1087 1086 1843
2492 2 2 1 1 1071 1070 1845
2493 2 2 1 1 914 913 1844
2494 2 2 1 1 1008 1007 1847
2495 2 2 1 1 851 850 1846
2496 2 2 1 1 835 834 1848
2497 2 2 1 1 992 991 1849
2498 2 2 1 1 1215 1214 1850
2499 2 2 1 1 690 689 1851
2500 2 2 1 1 1145 1144 1852
2501 2 2 1 1 1160 1159 1853
2502 2 2 1 1 708 707 1854
2503 2 2 1 1 1230 1229 1855
2504 2 2 1 1 778 777 1856
2505 2 2 1 1 929 928 1857
2506 2 2 1 1 1086 1085 1858
2507 2 2 1 1 1072 1071 1860
2508 2 2 1 1 915 914 1859
2509 2 2 1 1 850 849 1861
2510 2 2 1 1 1007 1006 1862
2511 2 2 1 1 993 992 1864
2512 2 2 1 1 836 835 1863
2513 2 2 1 1 761 760 1865
2514 2 2 1 1 1216 1215 1866
2515 2 2 1 1 1146 1145 1867
2516 2 2 1 1 691 690 1868
2517 2 2 1 1 1159 1158 1869
2518 2 2 1 1 928 927 1870
2519 2 2 1 1 1085 1084 1871
2520 2 2 1 1 916 915 1872
2521 2 2 1 1 1073 1072 1873
2522 2 2 1 1 849 848 1874
2523 2 2 1 1 1006 1005 1875
2524 2 2 1 1 994 993 1877
2525 2 2 1 1 837 836 1876
2526 2 2 1 1 1229 1228 1878
2527 2 2 1 1 707 706 1879
2528 2 2 1 1 777 776 1880
2529 2 2 1 1 1217 1216 1881
2530 2 2 1 1 1147 1146 1882
2531 2 2 1 1 927 926 1883
2532 2 2 1 1 1084 1083 1884
2533 2 2 1 1 1074 1073 1886
2534 2 2 1 1 917 916 1885
2535 2 2 1 1 1005 1004 1888
2536 2 2 1 1 848 847 1887
2537 2 2 1 1 995 994 1890
2538 2 2 1 1 838 837 1889
2539 2 2 1 1 762 761 1891
2540 2 2 1 1 1158 1157 1892
2541 2 2 1 1 692 691 1893
2542 2 2 1 1 1228 1227 1894
2543 2 2 1 1 926 925 1895
2544 2 2 1 1 1083 1082 1896
2545 2 2 1 1 1075 1074 1898
2546 2 2 1 1 918 917 1897
2547 2 2 1 1 996 995 1902
2548 2 2 1 1 839 838 1901
2549 2 2 1 1 1004 1003 1900
2550 2 2 1 1 847 846 1899
2551 2 2 1 1 1218 1217 1903
2552 2 2 1 1 706 705 1904
2553 2 2 1 1 1148 1147 1905
2554 2 2 1 1 776 775 1906
2555 2 2 1 1 1157 1156 1907
2556 2 2 1 1 919 918 1910
2557 2 2 1 1 1076 1075 1911
2558 2 2 1 1 1082 1081 1909
2559 2 2 1 1 925 924 1908
2560 2 2 1 1 1003 1002 1913
2561 2 2 1 1 846 845 1912
2562 2 2 1 1 840 839 1914
2563 2 2 1 1 997 996 1915
2564 2 2 1 1 1227 1226 1916
2565 2 2 1 1 763 762 1917
2566 2 2 1 1 693 692 1918
2567 2 2 1 1 924 923 1920
2568 2 2 1 1 1081 1080 1921
2569 2 2 1 1 1077 1076 1923
2570 2 2 1 1 920 919 1922
2571 2 2 1 1 1002 1001 1925
2572 2 2 1 1 845 844 1924
2573 2 2 1 1 998 997 1927
2574 2 2 1 1 841 840 1926
2575 2 2 1 1 1219 1218 1919
2576 2 2 1 1 1149 1148 1928
2577 2 2 1 1 1078 1077 1932
2578 2 2 1 1 921 920 1931
2579 2 2 1 1 923 922 1929
2580 2 2 1 1 1080 1079 1930
2581 2 2 1 1 1001 1000 1934
2582 2 2 1 1 844 843 1933
2583 2 2 1 1 999 998 1936
2584 2 2 1 1 842 841 1935
2585 2 2 1 1 1156 1155 1937
2586 2 2 1 1 1079 1078 1939
2587 2 2 1 1 922 921 1938
2588 2 2 1 1 1000 999 1941
2589 2 2 1 1 843 842 1940
2590 2 2 1 1 705 704 1942
2591 2 2 1 1 1226 1225 1943
2592 2 2 1 1 1220 1219 1944
2593 2 2 1 1 775 774 1945
2594 2 2 1 1 1150 1149 1946
2595 2 2 1 1 1155 1154 1947
2596 2 2 1 1 764 763 1948
2597 2 2 1 1 1225 1224 1949
2598 2 2 1 1 1221 1220 1950
2599 2 2 1 1 694 693 1951
2600 2 2 1 1 1151 1150 1952
2601 2 2 1 1 1154 1153 1953
2602 2 2 1 1 1224 1223 1954
2603 2 2 1 1 1222 1221 1955
2604 2 2 1 1 1152 1151 1956
2605 2 2 1 1 1153 1152 1957
2606 2 2 1 1 1223 1222 1958
2607 2 2 1 1 704 703 1959
2608 2 2 1 1 774 773 1960
2609 2 2 1 1 765 764 1961
2610 2 2 1 1 695 694 1962
2611 2 2 1 1 703 702 1963
2612 2 2 1 1 773 772 1964
2613 2 2 1 1 766 765 1965
2614 2 2 1 1 696 695 1966
2615 2 2 1 1 702 701 1967
2616 2 2 1 1 772 771 1968
2617 2 2 1 1 767 766 1969
2618 2 2 1 1 697 696 1970
2619 2 2 1 1 701 700 1971
2620 2 2 1 1 771 770 1972
2621 2 2 1 1 768 767 1973
2622 2 2 1 1 698 697 1974
2623 2 2 1 1 700 699 1975
2624 2 2 1 1 770 769 1976
2625 2 2 1 1 769 768 1977
2626 2 2 1 1 699 698 1978
2627 2 2 1 1 12 1662 1784
2628 2 2 1 1 1657 647 1782
2629 2 2 1 1 1343 1297 1979
2630 2 2 1 1 6 1657 1782
2631 2 2 1 1 1662 5 1784
2632 2 2 1 1 1299 1343 1979
2633 2 2 1 1 1782 1 1784
2634 2 2 1 1 5 1323 1980
2635 2 2 1 1 1323 6 1980
2636 2 2 1 1 1784 5 1980
2637 2 2 1 1 6 1782 1980
2638 2 2 1 1 1782 1784 1980
$EndElements
